,Type,Compounds,SMILES,Exposure_time,pH,ATSC6pe,AATS2dv,PFAS_concentration (Î¼g/kg),OC_content (%),Cultivate_mode,Protein_content (%),logRCF,References,Prediction
67,8,PFDoA,C(=O)(C(C(C(C(C(C(C(C(C(C(C(F)(F)F)(F)F)(F)F)(F)F)(F)F)(F)F)(F)F)(F)F)(F)F)(F)F)(F)F)O,30,7.67,0.181265374,29.64285714,1000,2.38,1,4,-1.59,[8],-1.566370968
68,8,PFDoA,C(=O)(C(C(C(C(C(C(C(C(C(C(C(F)(F)F)(F)F)(F)F)(F)F)(F)F)(F)F)(F)F)(F)F)(F)F)(F)F)(F)F)O,30,7.67,0.181265374,29.64285714,500,2.38,1,4,-1.55,[8],-1.543092953
69,8,PFDoA,C(=O)(C(C(C(C(C(C(C(C(C(C(C(F)(F)F)(F)F)(F)F)(F)F)(F)F)(F)F)(F)F)(F)F)(F)F)(F)F)(F)F)O,30,7.67,0.181265374,29.64285714,200,2.38,1,4,-1.54,[8],-1.532130028
322,17,PFUnA,C(=O)(C(C(C(C(C(C(C(C(C(C(F)(F)F)(F)F)(F)F)(F)F)(F)F)(F)F)(F)F)(F)F)(F)F)(F)F)O,30,7.67,0.186962286,29.65625,1000,2.38,1,4,-1.38,[8],-1.369843543
323,17,PFUnA,C(=O)(C(C(C(C(C(C(C(C(C(C(F)(F)F)(F)F)(F)F)(F)F)(F)F)(F)F)(F)F)(F)F)(F)F)(F)F)O,30,7.67,0.186962286,29.65625,500,2.38,1,4,-1.36,[8],-1.349213354
328,17,PFUnA,C(=O)(C(C(C(C(C(C(C(C(C(C(F)(F)F)(F)F)(F)F)(F)F)(F)F)(F)F)(F)F)(F)F)(F)F)(F)F)O,30,7.67,0.186962286,29.65625,500,2.38,1,4,-1.356547324,[8],-1.349213354
0,1,6:2Cl-PFESA,C(C(C(C(F)(F)Cl)(F)F)(F)F)(C(C(OC(C(F)(F)S(=O)(=O)O)(F)F)(F)F)(F)F)(F)F,70,7.66,1.549072425,27.67857143,4.16,1.1,1,4,-1.34,[1],-0.997258065
57,7,PFDA,C(=O)(C(C(C(C(C(C(C(C(C(F)(F)F)(F)F)(F)F)(F)F)(F)F)(F)F)(F)F)(F)F)(F)F)O,30,7.67,0.191709375,29.67241379,1000,2.38,1,4,-1.34,[8],-1.322927637
58,7,PFDA,C(=O)(C(C(C(C(C(C(C(C(C(F)(F)F)(F)F)(F)F)(F)F)(F)F)(F)F)(F)F)(F)F)(F)F)O,30,7.67,0.191709375,29.67241379,500,2.38,1,4,-1.3,[8],-1.291666912
177,13,PFOA,C(=O)(C(C(C(C(C(C(C(F)(F)F)(F)F)(F)F)(F)F)(F)F)(F)F)(F)F)O,30,7.67,0.1936,29.7173913,1000,2.38,1,4,-1.28,[8],-1.250282258
324,17,PFUnA,C(=O)(C(C(C(C(C(C(C(C(C(C(F)(F)F)(F)F)(F)F)(F)F)(F)F)(F)F)(F)F)(F)F)(F)F)(F)F)O,30,7.67,0.186962286,29.65625,200,2.38,1,4,-1.26,[8],-1.265979927
329,17,PFUnA,C(=O)(C(C(C(C(C(C(C(C(C(C(F)(F)F)(F)F)(F)F)(F)F)(F)F)(F)F)(F)F)(F)F)(F)F)(F)F)O,30,7.67,0.186962286,29.65625,200,2.38,1,4,-1.259637311,[8],-1.265979927
178,13,PFOA,C(=O)(C(C(C(C(C(C(C(F)(F)F)(F)F)(F)F)(F)F)(F)F)(F)F)(F)F)O,30,7.67,0.1936,29.7173913,500,2.38,1,4,-1.24,[8],-1.219179626
146,12,PFNA,C(=O)(C(C(C(C(C(C(C(C(F)(F)F)(F)F)(F)F)(F)F)(F)F)(F)F)(F)F)(F)F)O,30,7.67,0.194520809,29.69230769,500,2.38,1,4,-1.24,[8],-1.244734861
80,9,PFHpA,C(=O)(C(C(C(C(C(C(F)(F)F)(F)F)(F)F)(F)F)(F)F)(F)F)O,30,7.67,0.185548582,29.75,500,2.38,1,4,-1.19,[8],-1.158441349
59,7,PFDA,C(=O)(C(C(C(C(C(C(C(C(C(F)(F)F)(F)F)(F)F)(F)F)(F)F)(F)F)(F)F)(F)F)(F)F)O,30,7.67,0.191709375,29.67241379,200,2.38,1,4,-1.19,[8],-1.194315004
267,14,PFOS,C(C(C(C(C(F)(F)S(=O)(=O)O)(F)F)(F)F)(F)F)(C(C(C(F)(F)F)(F)F)(F)F)(F)F,30,7.67,0.194258667,28.61818182,1000,2.38,1,4,-1.12,[8],-1.105443548
268,14,PFOS,C(C(C(C(C(F)(F)S(=O)(=O)O)(F)F)(F)F)(F)F)(C(C(C(F)(F)F)(F)F)(F)F)(F)F,30,7.67,0.194258667,28.61818182,500,2.38,1,4,-1.09,[8],-1.066769553
129,11,PFHxS,C(C(C(C(F)(F)S(=O)(=O)O)(F)F)(F)F)(C(C(F)(F)F)(F)F)(F)F,30,7.67,0.1879375,28.37209302,1000,2.38,1,4,-1.06,[8],-1.057189898
179,13,PFOA,C(=O)(C(C(C(C(C(C(C(F)(F)F)(F)F)(F)F)(F)F)(F)F)(F)F)(F)F)O,30,7.67,0.1936,29.7173913,200,2.38,1,4,-1.04,[8],-1.100881734
81,9,PFHpA,C(=O)(C(C(C(C(C(C(F)(F)F)(F)F)(F)F)(F)F)(F)F)(F)F)O,30,7.67,0.185548582,29.75,200,2.38,1,4,-0.98,[8],-1.041868823
130,11,PFHxS,C(C(C(C(F)(F)S(=O)(=O)O)(F)F)(F)F)(C(C(F)(F)F)(F)F)(F)F,30,7.67,0.1879375,28.37209302,500,2.38,1,4,-0.95,[8],-1.006323117
105,10,PFHxA,C(=O)(C(C(C(C(C(F)(F)F)(F)F)(F)F)(F)F)(F)F)O,30,7.67,0.163592,29.79411765,1000,2.38,1,4,-0.93,[8],-0.898629032
203,13,PFOA,C(=O)(C(C(C(C(C(C(C(F)(F)F)(F)F)(F)F)(F)F)(F)F)(F)F)(F)F)O,80,5.67,0.1936,29.7173913,10,0.93,1,5.32,-0.920818754,[15],-0.689584156
96,9,PFHpA,C(=O)(C(C(C(C(C(C(F)(F)F)(F)F)(F)F)(F)F)(F)F)(F)F)O,80,5.67,0.185548582,29.75,10,0.93,1,5.32,-0.886056648,[15],-0.499803833
106,10,PFHxA,C(=O)(C(C(C(C(C(F)(F)F)(F)F)(F)F)(F)F)(F)F)O,30,7.67,0.163592,29.79411765,500,2.38,1,4,-0.83,[8],-0.84858871
47,6,PFBS,C(C(C(F)(F)S(=O)(=O)O)(F)F)(C(F)(F)F)(F)F,70,7.66,-0.152785185,27.93548387,0.34,1.1,1,4,-0.83,[1],-0.446623659
107,10,PFHxA,C(=O)(C(C(C(C(C(F)(F)F)(F)F)(F)F)(F)F)(F)F)O,30,7.67,0.163592,29.79411765,200,2.38,1,4,-0.7,[8],-0.771693548
31,5,PFBA,C(=O)(C(C(C(F)(F)F)(F)F)(F)F)O,98,8.75,-2.14587551,29.95454545,866,0.21,0,4,-0.64,[10],-0.392245279
78,9,PFHpA,C(=O)(C(C(C(C(C(C(F)(F)F)(F)F)(F)F)(F)F)(F)F)(F)F)O,98,8.75,0.185548582,29.75,797,0.21,0,4,-0.61,[10],-0.44327465
104,10,PFHxA,C(=O)(C(C(C(C(C(F)(F)F)(F)F)(F)F)(F)F)(F)F)O,98,8.75,0.163592,29.79411765,1062,0.21,0,4,-0.52,[10],-0.425707429
192,13,PFOA,C(=O)(C(C(C(C(C(C(C(F)(F)F)(F)F)(F)F)(F)F)(F)F)(F)F)(F)F)O,90,7.43,0.1936,29.7173913,2.82,1.1,1,7.14,-0.5,[6],-0.205215706
312,15,PFPeA,C(=O)(C(C(C(C(F)(F)F)(F)F)(F)F)(F)F)O,70,7.66,-0.22830519,29.85714286,7.47,1.1,1,4,-0.39,[1],-0.020965487
53,7,PFDA,C(=O)(C(C(C(C(C(C(C(C(C(F)(F)F)(F)F)(F)F)(F)F)(F)F)(F)F)(F)F)(F)F)(F)F)O,162,6.1,0.191709375,29.67241379,93.45,2.24,0,4.45,-0.356547324,[4],-0.189968558
298,15,PFPeA,C(=O)(C(C(C(C(F)(F)F)(F)F)(F)F)(F)F)O,30,7.67,-0.22830519,29.85714286,1000,2.38,1,4,-0.34,[8],-0.420645161
159,12,PFNA,C(=O)(C(C(C(C(C(C(C(C(F)(F)F)(F)F)(F)F)(F)F)(F)F)(F)F)(F)F)(F)F)O,80,5.67,0.194520809,29.69230769,10,0.93,1,5.32,-0.337242168,[15],-0.373565997
168,13,PFOA,C(=O)(C(C(C(C(C(C(C(F)(F)F)(F)F)(F)F)(F)F)(F)F)(F)F)(F)F)O,98,8.75,0.1936,29.7173913,715,0.21,0,4,-0.3,[10],-0.271254215
291,15,PFPeA,C(=O)(C(C(C(C(F)(F)F)(F)F)(F)F)(F)F)O,129,6.1,-0.22830519,29.85714286,11.55,2.24,0,7,-0.29,[4],-0.168251947
8,4,N-EtFOSAA,CCN(CC(=O)O)S(=O)(=O)C(C(C(C(C(C(C(C(F)(F)F)(F)F)(F)F)(F)F)(F)F)(F)F)(F)F)(F)F,60,7.43,-1.642942888,20.98312236,0.5,1.94,0,4,-0.28,[3],-0.129906267
191,13,PFOA,C(=O)(C(C(C(C(C(C(C(F)(F)F)(F)F)(F)F)(F)F)(F)F)(F)F)(F)F)O,90,7.18,0.1936,29.7173913,91.26,0.9,1,7.14,-0.25,[6],-0.118736976
1,2,PFOSA,C(C(C(C(C(F)(F)S(=O)(=O)N)(F)F)(F)F)(F)F)(C(C(C(F)(F)F)(F)F)(F)F)(F)F,30,7.2,0.092125911,27.05263158,496,2.3,0,5.32,-0.18,[2],-0.050040323
197,13,PFOA,C(=O)(C(C(C(C(C(C(C(F)(F)F)(F)F)(F)F)(F)F)(F)F)(F)F)(F)F)O,70,7.29,0.1936,29.7173913,2.07,1.19,1,4,-0.18,[6],-0.021975806
207,14,PFOS,C(C(C(C(C(F)(F)S(=O)(=O)O)(F)F)(F)F)(F)F)(C(C(C(F)(F)F)(F)F)(F)F)(F)F,162,6.1,0.194258667,28.61818182,49.66,2.24,0,4.45,-0.15490196,[4],-0.054002948
66,7,PFDA,C(=O)(C(C(C(C(C(C(C(C(C(F)(F)F)(F)F)(F)F)(F)F)(F)F)(F)F)(F)F)(F)F)(F)F)O,80,5.67,0.191709375,29.67241379,10,0.93,1,5.32,-0.15490196,[15],-0.240058317
35,6,PFBS,C(C(C(F)(F)S(=O)(=O)O)(F)F)(C(F)(F)F)(F)F,162,6.1,-0.152785185,27.93548387,48.58,2.24,0,5,-0.15,[4],-0.046887114
135,11,PFHxS,C(C(C(C(F)(F)S(=O)(=O)O)(F)F)(F)F)(C(C(F)(F)F)(F)F)(F)F,90,7.18,0.1879375,28.37209302,0.07,0.9,1,7.14,-0.15,[6],-0.072701613
326,17,PFUnA,C(=O)(C(C(C(C(C(C(C(C(C(C(F)(F)F)(F)F)(F)F)(F)F)(F)F)(F)F)(F)F)(F)F)(F)F)(F)F)O,80,5.67,0.186962286,29.65625,10,0.93,1,5.32,-0.142667504,[15],-0.238824445
39,6,PFBS,C(C(C(F)(F)S(=O)(=O)O)(F)F)(C(F)(F)F)(F)F,30,7.67,-0.152785185,27.93548387,1000,2.38,1,4,-0.13,[8],-0.186169355
292,15,PFPeA,C(=O)(C(C(C(C(F)(F)F)(F)F)(F)F)(F)F)O,162,6.1,-0.22830519,29.85714286,11.55,2.24,0,5,-0.12,[4],-0.028560204
13,5,PFBA,C(=O)(C(C(C(F)(F)F)(F)F)(F)F)O,162,6.1,-2.14587551,29.95454545,4.68,2.24,0,4.45,-0.12,[4],0.154926242
2,2,PFOSA,C(C(C(C(C(F)(F)S(=O)(=O)N)(F)F)(F)F)(F)F)(C(C(C(F)(F)F)(F)F)(F)F)(F)F,30,7.2,0.092125911,27.05263158,520,2.3,0,5.32,-0.11,[2],-0.015927419
64,7,PFDA,C(=O)(C(C(C(C(C(C(C(C(C(F)(F)F)(F)F)(F)F)(F)F)(F)F)(F)F)(F)F)(F)F)(F)F)O,130,7.23,0.191709375,29.67241379,0.09,1.04,1,5.42,-0.11,[6],0.117480234
161,13,PFOA,C(=O)(C(C(C(C(C(C(C(F)(F)F)(F)F)(F)F)(F)F)(F)F)(F)F)(F)F)O,129,6.1,0.1936,29.7173913,78.52,2.24,0,7,-0.1,[4],-0.004566825
282,14,PFOS,C(C(C(C(C(F)(F)S(=O)(=O)O)(F)F)(F)F)(F)F)(C(C(C(F)(F)F)(F)F)(F)F)(F)F,240,7.84,0.194258667,28.61818182,0.14,0.85,1,4,-0.1,[6],0.164516129
9,4,N-EtFOSAA,CCN(CC(=O)O)S(=O)(=O)C(C(C(C(C(C(C(C(F)(F)F)(F)F)(F)F)(F)F)(F)F)(F)F)(F)F)(F)F,60,7.43,-1.642942888,20.98312236,0.5,1.94,0,7,-0.1,[3],-0.049919355
73,9,PFHpA,C(=O)(C(C(C(C(C(C(F)(F)F)(F)F)(F)F)(F)F)(F)F)(F)F)O,162,6.1,0.185548582,29.75,8.61,2.24,0,4.45,-0.096910013,[4],-0.028286896
163,13,PFOA,C(=O)(C(C(C(C(C(C(C(F)(F)F)(F)F)(F)F)(F)F)(F)F)(F)F)(F)F)O,162,6.1,0.1936,29.7173913,78.52,2.24,0,4.45,-0.070581074,[4],-0.094246812
280,14,PFOS,C(C(C(C(C(F)(F)S(=O)(=O)O)(F)F)(F)F)(F)F)(C(C(C(F)(F)F)(F)F)(F)F)(F)F,70,7.17,0.194258667,28.61818182,0.07,0.95,1,4,-0.07,[6],-0.005725806
34,6,PFBS,C(C(C(F)(F)S(=O)(=O)O)(F)F)(C(F)(F)F)(F)F,129,6.1,-0.152785185,27.93548387,48.58,2.24,0,7,-0.05,[4],-0.040755857
293,15,PFPeA,C(=O)(C(C(C(C(F)(F)F)(F)F)(F)F)(F)F)O,162,6.1,-0.22830519,29.85714286,11.55,2.24,0,4.45,-0.022276395,[4],-0.024513128
151,12,PFNA,C(=O)(C(C(C(C(C(C(C(C(F)(F)F)(F)F)(F)F)(F)F)(F)F)(F)F)(F)F)(F)F)O,90,7.18,0.194520809,29.69230769,0.05,0.9,1,7.14,0,[6],0.050241935
287,14,PFOS,C(C(C(C(C(F)(F)S(=O)(=O)O)(F)F)(F)F)(F)F)(C(C(C(F)(F)F)(F)F)(F)F)(F)F,60,7,0.194258667,28.61818182,94,0.01,0,7.14,0,[9],0.2125
7,4,N-EtFOSAA,CCN(CC(=O)O)S(=O)(=O)C(C(C(C(C(C(C(C(F)(F)F)(F)F)(F)F)(F)F)(F)F)(F)F)(F)F)(F)F,60,7.43,-1.642942888,20.98312236,0.5,1.94,0,6.82,0.01,[3],0.001733871
98,10,PFHxA,C(=O)(C(C(C(C(C(F)(F)F)(F)F)(F)F)(F)F)(F)F)O,129,6.1,0.163592,29.79411765,11.51,2.24,0,7,0.02,[4],0.027463712
50,7,PFDA,C(=O)(C(C(C(C(C(C(C(C(C(F)(F)F)(F)F)(F)F)(F)F)(F)F)(F)F)(F)F)(F)F)(F)F)O,224,6.1,0.191709375,29.67241379,93.45,2.24,0,1.38,0.03,[4],0.113672242
133,11,PFHxS,C(C(C(C(F)(F)S(=O)(=O)O)(F)F)(F)F)(C(C(F)(F)F)(F)F)(F)F,60,7,0.1879375,28.37209302,56.36,0.01,0,7.14,0.04,[9],0.299233871
195,13,PFOA,C(=O)(C(C(C(C(C(C(C(F)(F)F)(F)F)(F)F)(F)F)(F)F)(F)F)(F)F)O,120,7.56,0.1936,29.7173913,3.13,0.93,1,3.4,0.04,[6],0.137163922
121,10,PFHxA,C(=O)(C(C(C(C(C(F)(F)F)(F)F)(F)F)(F)F)(F)F)O,80,5.67,0.163592,29.79411765,10,0.93,1,5.32,0.068185862,[15],0.066162875
209,14,PFOS,C(C(C(C(C(F)(F)S(=O)(=O)O)(F)F)(F)F)(F)F)(C(C(C(F)(F)F)(F)F)(F)F)(F)F,210,8.43,0.194258667,28.61818182,15.4,1.33,0,4,0.08,[5],0.177848757
215,14,PFOS,C(C(C(C(C(F)(F)S(=O)(=O)O)(F)F)(F)F)(F)F)(C(C(C(F)(F)F)(F)F)(F)F)(F)F,45,6.5,0.194258667,28.61818182,200,18.27,0,4.42,0.09,[14],0.300887097
153,12,PFNA,C(=O)(C(C(C(C(C(C(C(C(F)(F)F)(F)F)(F)F)(F)F)(F)F)(F)F)(F)F)(F)F)O,120,7.8,0.194520809,29.69230769,0.13,0.77,1,3.4,0.09,[6],0.225967742
41,6,PFBS,C(C(C(F)(F)S(=O)(=O)O)(F)F)(C(F)(F)F)(F)F,30,7.67,-0.152785185,27.93548387,200,2.38,1,4,0.09,[8],-0.07875
36,6,PFBS,C(C(C(F)(F)S(=O)(=O)O)(F)F)(C(F)(F)F)(F)F,162,6.1,-0.152785185,27.93548387,48.58,2.24,0,4.45,0.103803721,[4],0.018829826
63,7,PFDA,C(=O)(C(C(C(C(C(C(C(C(C(F)(F)F)(F)F)(F)F)(F)F)(F)F)(F)F)(F)F)(F)F)(F)F)O,70,7.17,0.191709375,29.67241379,0.07,0.95,1,4,0.11,[6],0.11766129
119,10,PFHxA,C(=O)(C(C(C(C(C(F)(F)F)(F)F)(F)F)(F)F)(F)F)O,70,7.66,0.163592,29.79411765,0.8,1.1,1,4,0.11,[1],0.238266129
29,5,PFBA,C(=O)(C(C(C(F)(F)F)(F)F)(F)F)O,70,7.66,-2.14587551,29.95454545,12.52,1.1,1,4,0.11,[1],0.304606735
210,14,PFOS,C(C(C(C(C(F)(F)S(=O)(=O)O)(F)F)(F)F)(F)F)(C(C(C(F)(F)F)(F)F)(F)F)(F)F,210,8.15,0.194258667,28.61818182,28.3,1.46,0,4,0.12,[5],0.160834807
140,12,PFNA,C(=O)(C(C(C(C(C(C(C(C(F)(F)F)(F)F)(F)F)(F)F)(F)F)(F)F)(F)F)(F)F)O,162,6.1,0.194520809,29.69230769,20.15,2.24,0,4.45,0.120573931,[4],0.084710539
211,14,PFOS,C(C(C(C(C(F)(F)S(=O)(=O)O)(F)F)(F)F)(F)F)(C(C(C(F)(F)F)(F)F)(F)F)(F)F,210,8.2,0.194258667,28.61818182,40.8,1.6,0,4,0.13,[5],0.166389273
276,14,PFOS,C(C(C(C(C(F)(F)S(=O)(=O)O)(F)F)(F)F)(F)F)(C(C(C(F)(F)F)(F)F)(F)F)(F)F,45,8.26,0.194258667,28.61818182,154.4,1.93,0,3.35,0.136720567,[13],0.229334357
5,4,N-EtFOSAA,CCN(CC(=O)O)S(=O)(=O)C(C(C(C(C(C(C(C(F)(F)F)(F)F)(F)F)(F)F)(F)F)(F)F)(F)F)(F)F,60,7.43,-1.642942888,20.98312236,0.5,1.94,0,5.32,0.14,[3],0.043870968
154,12,PFNA,C(=O)(C(C(C(C(C(C(C(C(F)(F)F)(F)F)(F)F)(F)F)(F)F)(F)F)(F)F)(F)F)O,70,7.17,0.194520809,29.69230769,0.05,0.95,1,4,0.15,[6],0.147983871
149,12,PFNA,C(=O)(C(C(C(C(C(C(C(C(F)(F)F)(F)F)(F)F)(F)F)(F)F)(F)F)(F)F)(F)F)O,60,7,0.194520809,29.69230769,25,0.01,0,7.14,0.15,[9],0.22233871
160,13,PFOA,C(=O)(C(C(C(C(C(C(C(F)(F)F)(F)F)(F)F)(F)F)(F)F)(F)F)(F)F)O,224,6.1,0.1936,29.7173913,78.52,2.24,0,1.38,0.15,[4],0.169170311
51,7,PFDA,C(=O)(C(C(C(C(C(C(C(C(C(F)(F)F)(F)F)(F)F)(F)F)(F)F)(F)F)(F)F)(F)F)(F)F)O,129,6.1,0.191709375,29.67241379,93.45,2.24,0,7,0.16,[4],0.11922681
285,14,PFOS,C(C(C(C(C(F)(F)S(=O)(=O)O)(F)F)(F)F)(F)F)(C(C(C(F)(F)F)(F)F)(F)F)(F)F,28,6.6,0.194258667,28.61818182,200,3.85,0,4,0.17,[7],0.240725806
71,9,PFHpA,C(=O)(C(C(C(C(C(C(F)(F)F)(F)F)(F)F)(F)F)(F)F)(F)F)O,129,6.1,0.185548582,29.75,8.61,2.24,0,7,0.19,[4],0.147701367
60,7,PFDA,C(=O)(C(C(C(C(C(C(C(C(C(F)(F)F)(F)F)(F)F)(F)F)(F)F)(F)F)(F)F)(F)F)(F)F)O,90,7.18,0.191709375,29.67241379,0.05,0.9,1,7.14,0.2,[6],0.105988299
109,10,PFHxA,C(=O)(C(C(C(C(C(F)(F)F)(F)F)(F)F)(F)F)(F)F)O,90,7.43,0.163592,29.79411765,0.11,1.1,1,7.14,0.21,[6],0.342701613
180,13,PFOA,C(=O)(C(C(C(C(C(C(C(F)(F)F)(F)F)(F)F)(F)F)(F)F)(F)F)(F)F)O,70,7.51,0.1936,29.7173913,284.5,1.81,1,4,0.21,[12],0.222980921
37,6,PFBS,C(C(C(F)(F)S(=O)(=O)O)(F)F)(C(F)(F)F)(F)F,210,8.15,-0.152785185,27.93548387,19.4,1.46,0,4,0.22,[5],0.2225
187,13,PFOA,C(=O)(C(C(C(C(C(C(C(F)(F)F)(F)F)(F)F)(F)F)(F)F)(F)F)(F)F)O,45,8.26,0.1936,29.7173913,416.8,1.93,0,3.78,0.227886705,[13],0.300746302
167,13,PFOA,C(=O)(C(C(C(C(C(C(C(F)(F)F)(F)F)(F)F)(F)F)(F)F)(F)F)(F)F)O,210,8.2,0.1936,29.7173913,26.1,1.6,0,4,0.24,[5],0.255067908
123,11,PFHxS,C(C(C(C(F)(F)S(=O)(=O)O)(F)F)(F)F)(C(C(F)(F)F)(F)F)(F)F,162,6.1,0.1879375,28.37209302,1.38,2.24,0,5,0.24,[4],0.210958218
3,3,GenX,C(=O)(C(C(F)(F)F)(OC(C(C(F)(F)F)(F)F)(F)F)F)O.N,70,7.66,-0.30662368,29.05263158,0.89,1.1,1,4,0.24,[1],0.11696505
305,15,PFPeA,C(=O)(C(C(C(C(F)(F)F)(F)F)(F)F)(F)F)O,120,7.56,-0.22830519,29.85714286,0.13,0.93,1,3.4,0.25,[6],0.52432048
239,14,PFOS,C(C(C(C(C(F)(F)S(=O)(=O)O)(F)F)(F)F)(F)F)(C(C(C(F)(F)F)(F)F)(F)F)(F)F,45,6.5,0.194258667,28.61818182,200,18.27,0,3.85,0.26,[14],0.324991343
72,9,PFHpA,C(=O)(C(C(C(C(C(C(F)(F)F)(F)F)(F)F)(F)F)(F)F)(F)F)O,162,6.1,0.185548582,29.75,8.61,2.24,0,5,0.27,[4],0.209627254
52,7,PFDA,C(=O)(C(C(C(C(C(C(C(C(C(F)(F)F)(F)F)(F)F)(F)F)(F)F)(F)F)(F)F)(F)F)(F)F)O,162,6.1,0.191709375,29.67241379,93.45,2.24,0,5,0.27,[4],0.121764318
137,12,PFNA,C(=O)(C(C(C(C(C(C(C(C(F)(F)F)(F)F)(F)F)(F)F)(F)F)(F)F)(F)F)(F)F)O,224,6.1,0.194520809,29.69230769,20.15,2.24,0,1.38,0.28,[4],0.330874094
139,12,PFNA,C(=O)(C(C(C(C(C(C(C(C(F)(F)F)(F)F)(F)F)(F)F)(F)F)(F)F)(F)F)(F)F)O,162,6.1,0.194520809,29.69230769,20.15,2.24,0,5,0.28,[4],0.237280575
38,6,PFBS,C(C(C(F)(F)S(=O)(=O)O)(F)F)(C(F)(F)F)(F)F,210,8.2,-0.152785185,27.93548387,31.2,1.6,0,4,0.28,[5],0.243458095
166,13,PFOA,C(=O)(C(C(C(C(C(C(C(F)(F)F)(F)F)(F)F)(F)F)(F)F)(F)F)(F)F)O,210,8.15,0.1936,29.7173913,19.8,1.46,0,4,0.29,[5],0.29000662
11,5,PFBA,C(=O)(C(C(C(F)(F)F)(F)F)(F)F)O,129,6.1,-2.14587551,29.95454545,4.68,2.24,0,7,0.29,[4],0.320415153
128,11,PFHxS,C(C(C(C(F)(F)S(=O)(=O)O)(F)F)(F)F)(C(C(F)(F)F)(F)F)(F)F,210,8.2,0.1879375,28.37209302,34.9,1.6,0,4,0.29,[5],0.293198572
225,14,PFOS,C(C(C(C(C(F)(F)S(=O)(=O)O)(F)F)(F)F)(F)F)(C(C(C(F)(F)F)(F)F)(F)F)(F)F,45,6.5,0.194258667,28.61818182,200,18.27,0,3.82,0.3,[14],0.321160698
56,7,PFDA,C(=O)(C(C(C(C(C(C(C(C(C(F)(F)F)(F)F)(F)F)(F)F)(F)F)(F)F)(F)F)(F)F)(F)F)O,210,8.2,0.191709375,29.67241379,7.82,1.6,0,4,0.3,[5],0.315354382
48,6,PFBS,C(C(C(F)(F)S(=O)(=O)O)(F)F)(C(F)(F)F)(F)F,28,6.6,-0.152785185,27.93548387,200,3.85,0,4,0.31,[7],0.284032258
126,11,PFHxS,C(C(C(C(F)(F)S(=O)(=O)O)(F)F)(F)F)(C(C(F)(F)F)(F)F)(F)F,210,8.43,0.1879375,28.37209302,25.8,1.33,0,4,0.32,[5],0.302379032
317,16,PFTeA,C(=O)(C(C(C(C(C(C(C(C(C(C(C(C(C(F)(F)F)(F)F)(F)F)(F)F)(F)F)(F)F)(F)F)(F)F)(F)F)(F)F)(F)F)(F)F)(F)F)O,210,8.2,0.169,29.62195122,1.89,1.6,0,4,0.32,[5],0.364475806
127,11,PFHxS,C(C(C(C(F)(F)S(=O)(=O)O)(F)F)(F)F)(C(C(F)(F)F)(F)F)(F)F,210,8.15,0.1879375,28.37209302,31.1,1.46,0,4,0.32,[5],0.299558766
226,14,PFOS,C(C(C(C(C(F)(F)S(=O)(=O)O)(F)F)(F)F)(F)F)(C(C(C(F)(F)F)(F)F)(F)F)(F)F,45,6.5,0.194258667,28.61818182,200,18.27,0,5.55,0.33,[14],0.383346774
55,7,PFDA,C(=O)(C(C(C(C(C(C(C(C(C(F)(F)F)(F)F)(F)F)(F)F)(F)F)(F)F)(F)F)(F)F)(F)F)O,210,8.15,0.191709375,29.67241379,4.5,1.46,0,4,0.33,[5],0.347096774
227,14,PFOS,C(C(C(C(C(F)(F)S(=O)(=O)O)(F)F)(F)F)(F)F)(C(C(C(F)(F)F)(F)F)(F)F)(F)F,45,6.5,0.194258667,28.61818182,200,18.27,0,3.77,0.35,[14],0.343890158
155,12,PFNA,C(=O)(C(C(C(C(C(C(C(C(F)(F)F)(F)F)(F)F)(F)F)(F)F)(F)F)(F)F)(F)F)O,130,7.23,0.194520809,29.69230769,0.09,1.04,1,5.42,0.35,[6],0.328830645
199,13,PFOA,C(=O)(C(C(C(C(C(C(C(F)(F)F)(F)F)(F)F)(F)F)(F)F)(F)F)(F)F)O,130,7.42,0.1936,29.7173913,1.55,1.06,1,5.42,0.35,[6],0.345846774
201,13,PFOA,C(=O)(C(C(C(C(C(C(C(F)(F)F)(F)F)(F)F)(F)F)(F)F)(F)F)(F)F)O,240,7.7,0.1936,29.7173913,2.51,1.04,1,4,0.37,[6],0.419312173
189,13,PFOA,C(=O)(C(C(C(C(C(C(C(F)(F)F)(F)F)(F)F)(F)F)(F)F)(F)F)(F)F)O,45,8.26,0.1936,29.7173913,416.8,1.93,0,3.35,0.371067862,[13],0.33654523
205,14,PFOS,C(C(C(C(C(F)(F)S(=O)(=O)O)(F)F)(F)F)(F)F)(C(C(C(F)(F)F)(F)F)(F)F)(F)F,129,6.1,0.194258667,28.61818182,49.66,2.24,0,7,0.38,[4],0.25192446
76,9,PFHpA,C(=O)(C(C(C(C(C(C(F)(F)F)(F)F)(F)F)(F)F)(F)F)(F)F)O,210,8.15,0.185548582,29.75,7.33,1.46,0,4,0.38,[5],0.416491935
194,13,PFOA,C(=O)(C(C(C(C(C(C(C(F)(F)F)(F)F)(F)F)(F)F)(F)F)(F)F)(F)F)O,120,7.8,0.1936,29.7173913,92.78,0.77,1,3.4,0.39,[6],0.35221649
216,14,PFOS,C(C(C(C(C(F)(F)S(=O)(=O)O)(F)F)(F)F)(F)F)(C(C(C(F)(F)F)(F)F)(F)F)(F)F,45,6.5,0.194258667,28.61818182,200,18.27,0,5.52,0.39,[14],0.407580645
228,14,PFOS,C(C(C(C(C(F)(F)S(=O)(=O)O)(F)F)(F)F)(F)F)(C(C(C(F)(F)F)(F)F)(F)F)(F)F,45,6.5,0.194258667,28.61818182,200,18.27,0,5.22,0.4,[14],0.577540323
33,6,PFBS,C(C(C(F)(F)S(=O)(=O)O)(F)F)(C(F)(F)F)(F)F,224,6.1,-0.152785185,27.93548387,48.58,2.24,0,1.38,0.4,[4],0.396302965
165,13,PFOA,C(=O)(C(C(C(C(C(C(C(F)(F)F)(F)F)(F)F)(F)F)(F)F)(F)F)(F)F)O,210,8.43,0.1936,29.7173913,12.6,1.33,0,4,0.4,[5],0.394019521
273,14,PFOS,C(C(C(C(C(F)(F)S(=O)(=O)O)(F)F)(F)F)(F)F)(C(C(C(F)(F)F)(F)F)(F)F)(F)F,45,8.26,0.194258667,28.61818182,154.4,1.93,0,4.45,0.42,[13],0.390924997
54,7,PFDA,C(=O)(C(C(C(C(C(C(C(C(C(F)(F)F)(F)F)(F)F)(F)F)(F)F)(F)F)(F)F)(F)F)(F)F)O,210,8.43,0.191709375,29.67241379,0.7,1.33,0,4,0.42,[5],0.430282258
102,10,PFHxA,C(=O)(C(C(C(C(C(F)(F)F)(F)F)(F)F)(F)F)(F)F)O,210,8.15,0.163592,29.79411765,22.8,1.46,0,4,0.42,[5],0.411736185
274,14,PFOS,C(C(C(C(C(F)(F)S(=O)(=O)O)(F)F)(F)F)(F)F)(C(C(C(F)(F)F)(F)F)(F)F)(F)F,45,8.26,0.194258667,28.61818182,154.4,1.93,0,3.78,0.423245874,[13],0.33886252
77,9,PFHpA,C(=O)(C(C(C(C(C(C(F)(F)F)(F)F)(F)F)(F)F)(F)F)(F)F)O,210,8.2,0.185548582,29.75,12.9,1.6,0,4,0.43,[5],0.426144933
142,12,PFNA,C(=O)(C(C(C(C(C(C(C(C(F)(F)F)(F)F)(F)F)(F)F)(F)F)(F)F)(F)F)(F)F)O,210,8.43,0.194520809,29.69230769,3.36,1.33,0,4,0.43,[5],0.399516129
17,5,PFBA,C(=O)(C(C(C(F)(F)F)(F)F)(F)F)O,210,8.2,-2.14587551,29.95454545,13.5,1.6,0,4,0.43,[5],0.485375689
125,11,PFHxS,C(C(C(C(F)(F)S(=O)(=O)O)(F)F)(F)F)(C(C(F)(F)F)(F)F)(F)F,210,8.21,0.1879375,28.37209302,13,0.82,0,4,0.44,[5],0.456008065
316,16,PFTeA,C(=O)(C(C(C(C(C(C(C(C(C(C(C(C(C(F)(F)F)(F)F)(F)F)(F)F)(F)F)(F)F)(F)F)(F)F)(F)F)(F)F)(F)F)(F)F)(F)F)O,210,8.15,0.169,29.62195122,0.39,1.46,0,4,0.45,[5],0.445201613
143,12,PFNA,C(=O)(C(C(C(C(C(C(C(C(F)(F)F)(F)F)(F)F)(F)F)(F)F)(F)F)(F)F)(F)F)O,210,8.15,0.194520809,29.69230769,12.5,1.46,0,4,0.45,[5],0.380002314
103,10,PFHxA,C(=O)(C(C(C(C(C(F)(F)F)(F)F)(F)F)(F)F)(F)F)O,210,8.2,0.163592,29.79411765,15.2,1.6,0,4,0.45,[5],0.432943548
315,16,PFTeA,C(=O)(C(C(C(C(C(C(C(C(C(C(C(C(C(F)(F)F)(F)F)(F)F)(F)F)(F)F)(F)F)(F)F)(F)F)(F)F)(F)F)(F)F)(F)F)(F)F)O,210,8.43,0.169,29.62195122,0.37,1.33,0,4,0.46,[5],0.451653226
288,14,PFOS,C(C(C(C(C(F)(F)S(=O)(=O)O)(F)F)(F)F)(F)F)(C(C(C(F)(F)F)(F)F)(F)F)(F)F,60,7,0.194258667,28.61818182,125.17,0.01,0,4,0.46,[9],0.473182646
198,13,PFOA,C(=O)(C(C(C(C(C(C(C(F)(F)F)(F)F)(F)F)(F)F)(F)F)(F)F)(F)F)O,130,7.23,0.1936,29.7173913,119.37,1.04,1,5.42,0.46,[6],0.383206299
70,9,PFHpA,C(=O)(C(C(C(C(C(C(F)(F)F)(F)F)(F)F)(F)F)(F)F)(F)F)O,224,6.1,0.185548582,29.75,8.61,2.24,0,1.38,0.47,[4],0.480068683
325,17,PFUnA,C(=O)(C(C(C(C(C(C(C(C(C(C(F)(F)F)(F)F)(F)F)(F)F)(F)F)(F)F)(F)F)(F)F)(F)F)(F)F)O,90,7.08,0.186962286,29.65625,0.06,1.1,1,1.38,0.48,[6],0.56858871
186,13,PFOA,C(=O)(C(C(C(C(C(C(C(F)(F)F)(F)F)(F)F)(F)F)(F)F)(F)F)(F)F)O,45,8.26,0.1936,29.7173913,416.8,1.93,0,4.45,0.48,[13],0.436871436
217,14,PFOS,C(C(C(C(C(F)(F)S(=O)(=O)O)(F)F)(F)F)(F)F)(C(C(C(F)(F)F)(F)F)(F)F)(F)F,45,6.5,0.194258667,28.61818182,1000,18.27,0,3.4,0.48,[14],0.518364956
118,10,PFHxA,C(=O)(C(C(C(C(C(F)(F)F)(F)F)(F)F)(F)F)(F)F)O,240,7.7,0.163592,29.79411765,0.13,1.04,1,4,0.48,[6],0.506532258
182,13,PFOA,C(=O)(C(C(C(C(C(C(C(F)(F)F)(F)F)(F)F)(F)F)(F)F)(F)F)(F)F)O,60,7,0.1936,29.7173913,85.16,0.01,0,7.14,0.49,[9],0.46141129
114,10,PFHxA,C(=O)(C(C(C(C(C(F)(F)F)(F)F)(F)F)(F)F)(F)F)O,70,7.29,0.163592,29.79411765,0.16,1.19,1,4,0.49,[6],0.507217742
101,10,PFHxA,C(=O)(C(C(C(C(C(F)(F)F)(F)F)(F)F)(F)F)(F)F)O,210,8.43,0.163592,29.79411765,10.2,1.33,0,4,0.49,[5],0.497653975
271,14,PFOS,C(C(C(C(C(F)(F)S(=O)(=O)O)(F)F)(F)F)(F)F)(C(C(C(F)(F)F)(F)F)(F)F)(F)F,45,8.26,0.194258667,28.61818182,154.4,1.93,0,8.23,0.49,[13],0.578923957
190,13,PFOA,C(=O)(C(C(C(C(C(C(C(F)(F)F)(F)F)(F)F)(F)F)(F)F)(F)F)(F)F)O,45,8.26,0.1936,29.7173913,416.8,1.93,0,8,0.506505032,[13],0.668311255
321,17,PFUnA,C(=O)(C(C(C(C(C(C(C(C(C(C(F)(F)F)(F)F)(F)F)(F)F)(F)F)(F)F)(F)F)(F)F)(F)F)(F)F)O,210,8.2,0.186962286,29.65625,0.89,1.6,0,4,0.51,[5],0.470282258
242,14,PFOS,C(C(C(C(C(F)(F)S(=O)(=O)O)(F)F)(F)F)(F)F)(C(C(C(F)(F)F)(F)F)(F)F)(F)F,45,6.5,0.194258667,28.61818182,1000,18.27,0,6.46,0.53,[14],0.61266129
320,17,PFUnA,C(=O)(C(C(C(C(C(C(C(C(C(C(F)(F)F)(F)F)(F)F)(F)F)(F)F)(F)F)(F)F)(F)F)(F)F)(F)F)O,210,8.15,0.186962286,29.65625,0.62,1.46,0,4,0.53,[5],0.48733871
295,15,PFPeA,C(=O)(C(C(C(C(F)(F)F)(F)F)(F)F)(F)F)O,210,8.15,-0.22830519,29.85714286,10.1,1.46,0,4,0.54,[5],0.520716627
214,14,PFOS,C(C(C(C(C(F)(F)S(=O)(=O)O)(F)F)(F)F)(F)F)(C(C(C(F)(F)F)(F)F)(F)F)(F)F,30,7.2,0.194258667,28.61818182,510,2.3,0,5.32,0.55,[2],0.328225806
75,9,PFHpA,C(=O)(C(C(C(C(C(C(F)(F)F)(F)F)(F)F)(F)F)(F)F)(F)F)O,210,8.43,0.185548582,29.75,1.81,1.33,0,4,0.55,[5],0.546895161
307,15,PFPeA,C(=O)(C(C(C(C(F)(F)F)(F)F)(F)F)(F)F)O,70,7.29,-0.22830519,29.85714286,0.14,1.19,1,4,0.55,[6],0.570766129
156,12,PFNA,C(=O)(C(C(C(C(C(C(C(C(F)(F)F)(F)F)(F)F)(F)F)(F)F)(F)F)(F)F)(F)F)O,130,7.42,0.194520809,29.69230769,0.03,1.06,1,5.42,0.56,[6],0.716330645
92,9,PFHpA,C(=O)(C(C(C(C(C(C(F)(F)F)(F)F)(F)F)(F)F)(F)F)(F)F)O,240,7.7,0.185548582,29.75,0.1,1.04,1,4,0.56,[6],0.618024194
244,14,PFOS,C(C(C(C(C(F)(F)S(=O)(=O)O)(F)F)(F)F)(F)F)(C(C(C(F)(F)F)(F)F)(F)F)(F)F,45,6.5,0.194258667,28.61818182,200,18.27,0,5.67,0.56,[14],0.49391129
296,15,PFPeA,C(=O)(C(C(C(C(F)(F)F)(F)F)(F)F)(F)F)O,210,8.2,-0.22830519,29.85714286,12.4,1.6,0,4,0.56,[5],0.523821466
175,13,PFOA,C(=O)(C(C(C(C(C(C(C(F)(F)F)(F)F)(F)F)(F)F)(F)F)(F)F)(F)F)O,50,6.5,0.1936,29.7173913,200,19.08,0,5.85,0.57,[11],0.624919355
290,15,PFPeA,C(=O)(C(C(C(C(F)(F)F)(F)F)(F)F)(F)F)O,224,6.1,-0.22830519,29.85714286,11.55,2.24,0,1.38,0.58,[4],0.511093293
115,10,PFHxA,C(=O)(C(C(C(C(C(F)(F)F)(F)F)(F)F)(F)F)(F)F)O,130,7.23,0.163592,29.79411765,2.32,1.04,1,5.42,0.58,[6],0.734879032
232,14,PFOS,C(C(C(C(C(F)(F)S(=O)(=O)O)(F)F)(F)F)(F)F)(C(C(C(F)(F)F)(F)F)(F)F)(F)F,45,6.5,0.194258667,28.61818182,1000,18.27,0,3.64,0.58,[14],0.587150185
245,14,PFOS,C(C(C(C(C(F)(F)S(=O)(=O)O)(F)F)(F)F)(F)F)(C(C(C(F)(F)F)(F)F)(F)F)(F)F,45,6.5,0.194258667,28.61818182,1000,18.27,0,3.25,0.59,[14],0.563212583
83,9,PFHpA,C(=O)(C(C(C(C(C(C(F)(F)F)(F)F)(F)F)(F)F)(F)F)(F)F)O,90,7.43,0.185548582,29.75,0.04,1.1,1,7.14,0.6,[6],0.60360461
152,12,PFNA,C(=O)(C(C(C(C(C(C(C(C(F)(F)F)(F)F)(F)F)(F)F)(F)F)(F)F)(F)F)(F)F)O,90,7.08,0.194520809,29.69230769,0.09,1.1,1,1.38,0.6,[6],0.531532258
270,14,PFOS,C(C(C(C(C(F)(F)S(=O)(=O)O)(F)F)(F)F)(F)F)(C(C(C(F)(F)F)(F)F)(F)F)(F)F,70,7.51,0.194258667,28.61818182,264.2,1.81,1,4,0.6,[12],0.407783164
246,14,PFOS,C(C(C(C(C(F)(F)S(=O)(=O)O)(F)F)(F)F)(F)F)(C(C(C(F)(F)F)(F)F)(F)F)(F)F,45,6.5,0.194258667,28.61818182,200,18.27,0,4.99,0.61,[14],0.650362903
233,14,PFOS,C(C(C(C(C(F)(F)S(=O)(=O)O)(F)F)(F)F)(F)F)(C(C(C(F)(F)F)(F)F)(F)F)(F)F,45,6.5,0.194258667,28.61818182,200,18.27,0,4.19,0.61,[14],0.58
15,5,PFBA,C(=O)(C(C(C(F)(F)F)(F)F)(F)F)O,210,8.43,-2.14587551,29.95454545,1.52,1.33,0,4,0.61,[5],0.626693548
275,14,PFOS,C(C(C(C(C(F)(F)S(=O)(=O)O)(F)F)(F)F)(F)F)(C(C(C(F)(F)F)(F)F)(F)F)(F)F,45,8.26,0.194258667,28.61818182,154.4,1.93,0,10.4,0.617000341,[13],0.629299529
65,7,PFDA,C(=O)(C(C(C(C(C(C(C(C(C(F)(F)F)(F)F)(F)F)(F)F)(F)F)(F)F)(F)F)(F)F)(F)F)O,240,7.84,0.191709375,29.67241379,0.06,0.85,1,4,0.62,[6],0.610564516
108,10,PFHxA,C(=O)(C(C(C(C(C(F)(F)F)(F)F)(F)F)(F)F)(F)F)O,90,7.18,0.163592,29.79411765,1.78,0.9,1,7.14,0.62,[6],0.718459075
141,12,PFNA,C(=O)(C(C(C(C(C(C(C(C(F)(F)F)(F)F)(F)F)(F)F)(F)F)(F)F)(F)F)(F)F)O,210,8.21,0.194520809,29.69230769,2.01,0.82,0,4,0.62,[5],0.587311475
247,14,PFOS,C(C(C(C(C(F)(F)S(=O)(=O)O)(F)F)(F)F)(F)F)(C(C(C(F)(F)F)(F)F)(F)F)(F)F,45,6.5,0.194258667,28.61818182,200,18.27,0,4.36,0.63,[14],0.510806452
204,14,PFOS,C(C(C(C(C(F)(F)S(=O)(=O)O)(F)F)(F)F)(F)F)(C(C(C(F)(F)F)(F)F)(F)F)(F)F,224,6.1,0.194258667,28.61818182,49.66,2.24,0,1.38,0.63,[4],0.496816888
294,15,PFPeA,C(=O)(C(C(C(C(F)(F)F)(F)F)(F)F)(F)F)O,210,8.43,-0.22830519,29.85714286,6.68,1.33,0,4,0.63,[5],0.58608871
286,14,PFOS,C(C(C(C(C(F)(F)S(=O)(=O)O)(F)F)(F)F)(F)F)(C(C(C(F)(F)F)(F)F)(F)F)(F)F,60,7,0.194258667,28.61818182,125.12,0.01,0,8.23,0.63,[9],0.721451613
248,14,PFOS,C(C(C(C(C(F)(F)S(=O)(=O)O)(F)F)(F)F)(F)F)(C(C(C(F)(F)F)(F)F)(F)F)(F)F,45,6.5,0.194258667,28.61818182,200,18.27,0,6.91,0.64,[14],0.715524194
309,15,PFPeA,C(=O)(C(C(C(C(F)(F)F)(F)F)(F)F)(F)F)O,130,7.42,-0.22830519,29.85714286,0.05,1.06,1,5.42,0.64,[6],0.690120968
14,5,PFBA,C(=O)(C(C(C(F)(F)F)(F)F)(F)F)O,210,8.21,-2.14587551,29.95454545,1.19,0.82,0,4,0.65,[5],0.748247771
90,9,PFHpA,C(=O)(C(C(C(C(C(C(F)(F)F)(F)F)(F)F)(F)F)(F)F)(F)F)O,130,7.42,0.185548582,29.75,0.06,1.06,1,5.42,0.65,[6],0.664758065
249,14,PFOS,C(C(C(C(C(F)(F)S(=O)(=O)O)(F)F)(F)F)(F)F)(C(C(C(F)(F)F)(F)F)(F)F)(F)F,45,6.5,0.194258667,28.61818182,1000,18.27,0,3.95,0.65,[14],0.648790323
100,10,PFHxA,C(=O)(C(C(C(C(C(F)(F)F)(F)F)(F)F)(F)F)(F)F)O,210,8.21,0.163592,29.79411765,5.43,0.82,0,4,0.66,[5],0.749395161
218,14,PFOS,C(C(C(C(C(F)(F)S(=O)(=O)O)(F)F)(F)F)(F)F)(C(C(C(F)(F)F)(F)F)(F)F)(F)F,45,6.5,0.194258667,28.61818182,200,18.27,0,5.03,0.67,[14],0.672540323
281,14,PFOS,C(C(C(C(C(F)(F)S(=O)(=O)O)(F)F)(F)F)(F)F)(C(C(C(F)(F)F)(F)F)(F)F)(F)F,130,7.23,0.194258667,28.61818182,0.06,1.04,1,5.42,0.67,[6],0.473710669
277,14,PFOS,C(C(C(C(C(F)(F)S(=O)(=O)O)(F)F)(F)F)(F)F)(C(C(C(F)(F)F)(F)F)(F)F)(F)F,45,8.26,0.194258667,28.61818182,154.4,1.93,0,8,0.670245853,[13],0.622777904
74,9,PFHpA,C(=O)(C(C(C(C(C(C(F)(F)F)(F)F)(F)F)(F)F)(F)F)(F)F)O,210,8.21,0.185548582,29.75,1.21,0.82,0,4,0.68,[5],0.728306452
82,9,PFHpA,C(=O)(C(C(C(C(C(C(F)(F)F)(F)F)(F)F)(F)F)(F)F)(F)F)O,90,7.18,0.185548582,29.75,1.36,0.9,1,7.14,0.68,[6],0.794830188
176,13,PFOA,C(=O)(C(C(C(C(C(C(C(F)(F)F)(F)F)(F)F)(F)F)(F)F)(F)F)(F)F)O,50,6.5,0.1936,29.7173913,1000,19.08,0,5.85,0.68,[11],0.696935484
97,10,PFHxA,C(=O)(C(C(C(C(C(F)(F)F)(F)F)(F)F)(F)F)(F)F)O,224,6.1,0.163592,29.79411765,11.51,2.24,0,1.38,0.68,[4],0.595682463
116,10,PFHxA,C(=O)(C(C(C(C(C(F)(F)F)(F)F)(F)F)(F)F)(F)F)O,130,7.42,0.163592,29.79411765,0.1,1.06,1,5.42,0.68,[6],0.617580645
164,13,PFOA,C(=O)(C(C(C(C(C(C(C(F)(F)F)(F)F)(F)F)(F)F)(F)F)(F)F)(F)F)O,210,8.21,0.1936,29.7173913,4.33,0.82,0,4,0.69,[5],0.616612903
236,14,PFOS,C(C(C(C(C(F)(F)S(=O)(=O)O)(F)F)(F)F)(F)F)(C(C(C(F)(F)F)(F)F)(F)F)(F)F,45,6.5,0.194258667,28.61818182,1000,18.27,0,5.43,0.69,[14],0.706653226
170,13,PFOA,C(=O)(C(C(C(C(C(C(C(F)(F)F)(F)F)(F)F)(F)F)(F)F)(F)F)(F)F)O,30,7.2,0.1936,29.7173913,580,2.3,0,5.32,0.69,[2],0.529153226
12,5,PFBA,C(=O)(C(C(C(F)(F)F)(F)F)(F)F)O,162,6.1,-2.14587551,29.95454545,4.68,2.24,0,5,0.7,[4],0.535406832
311,15,PFPeA,C(=O)(C(C(C(C(F)(F)F)(F)F)(F)F)(F)F)O,240,7.7,-0.22830519,29.85714286,0.05,1.04,1,4,0.7,[6],0.685604839
237,14,PFOS,C(C(C(C(C(F)(F)S(=O)(=O)O)(F)F)(F)F)(F)F)(C(C(C(F)(F)F)(F)F)(F)F)(F)F,45,6.5,0.194258667,28.61818182,1000,18.27,0,4.33,0.71,[14],0.707258065
238,14,PFOS,C(C(C(C(C(F)(F)S(=O)(=O)O)(F)F)(F)F)(F)F)(C(C(C(F)(F)F)(F)F)(F)F)(F)F,45,6.5,0.194258667,28.61818182,1000,18.27,0,3.84,0.71,[14],0.64516129
318,17,PFUnA,C(=O)(C(C(C(C(C(C(C(C(C(C(F)(F)F)(F)F)(F)F)(F)F)(F)F)(F)F)(F)F)(F)F)(F)F)(F)F)O,210,8.21,0.186962286,29.65625,0.17,0.82,0,4,0.71,[5],0.628467742
251,14,PFOS,C(C(C(C(C(F)(F)S(=O)(=O)O)(F)F)(F)F)(F)F)(C(C(C(F)(F)F)(F)F)(F)F)(F)F,45,6.5,0.194258667,28.61818182,200,18.27,0,6.68,0.71,[14],0.824395161
253,14,PFOS,C(C(C(C(C(F)(F)S(=O)(=O)O)(F)F)(F)F)(F)F)(C(C(C(F)(F)F)(F)F)(F)F)(F)F,45,6.5,0.194258667,28.61818182,1000,18.27,0,6.92,0.72,[14],0.72483871
148,12,PFNA,C(=O)(C(C(C(C(C(C(C(C(F)(F)F)(F)F)(F)F)(F)F)(F)F)(F)F)(F)F)(F)F)O,60,7,0.194520809,29.69230769,35.47,0.01,0,8.23,0.72,[9],0.7225
254,14,PFOS,C(C(C(C(C(F)(F)S(=O)(=O)O)(F)F)(F)F)(F)F)(C(C(C(F)(F)F)(F)F)(F)F)(F)F,45,6.5,0.194258667,28.61818182,1000,18.27,0,6.2,0.73,[14],0.682258065
255,14,PFOS,C(C(C(C(C(F)(F)S(=O)(=O)O)(F)F)(F)F)(F)F)(C(C(C(F)(F)F)(F)F)(F)F)(F)F,45,6.5,0.194258667,28.61818182,1000,18.27,0,4.58,0.73,[14],0.723830645
256,14,PFOS,C(C(C(C(C(F)(F)S(=O)(=O)O)(F)F)(F)F)(F)F)(C(C(C(F)(F)F)(F)F)(F)F)(F)F,45,6.5,0.194258667,28.61818182,200,18.27,0,7.76,0.74,[14],0.849986926
257,14,PFOS,C(C(C(C(C(F)(F)S(=O)(=O)O)(F)F)(F)F)(F)F)(C(C(C(F)(F)F)(F)F)(F)F)(F)F,45,6.5,0.194258667,28.61818182,1000,18.27,0,4.85,0.75,[14],0.754637097
220,14,PFOS,C(C(C(C(C(F)(F)S(=O)(=O)O)(F)F)(F)F)(F)F)(C(C(C(F)(F)F)(F)F)(F)F)(F)F,45,6.5,0.194258667,28.61818182,1000,18.27,0,5.42,0.75,[14],0.73375
258,14,PFOS,C(C(C(C(C(F)(F)S(=O)(=O)O)(F)F)(F)F)(F)F)(C(C(C(F)(F)F)(F)F)(F)F)(F)F,45,6.5,0.194258667,28.61818182,1000,18.27,0,5.46,0.76,[14],0.737016129
221,14,PFOS,C(C(C(C(C(F)(F)S(=O)(=O)O)(F)F)(F)F)(F)F)(C(C(C(F)(F)F)(F)F)(F)F)(F)F,45,6.5,0.194258667,28.61818182,1000,18.27,0,4.32,0.76,[14],0.727822581
43,6,PFBS,C(C(C(F)(F)S(=O)(=O)O)(F)F)(C(F)(F)F)(F)F,60,7,-0.152785185,27.93548387,31.86,0.01,0,7.14,0.77,[9],0.939798387
185,13,PFOA,C(=O)(C(C(C(C(C(C(C(F)(F)F)(F)F)(F)F)(F)F)(F)F)(F)F)(F)F)O,45,8.26,0.1936,29.7173913,416.8,1.93,0,7.4,0.78,[13],0.712616571
308,15,PFPeA,C(=O)(C(C(C(C(F)(F)F)(F)F)(F)F)(F)F)O,130,7.23,-0.22830519,29.85714286,5.3,1.04,1,5.42,0.79,[6],0.82448177
259,14,PFOS,C(C(C(C(C(F)(F)S(=O)(=O)O)(F)F)(F)F)(F)F)(C(C(C(F)(F)F)(F)F)(F)F)(F)F,45,6.5,0.194258667,28.61818182,1000,18.27,0,6.97,0.8,[14],0.807862903
173,13,PFOA,C(=O)(C(C(C(C(C(C(C(F)(F)F)(F)F)(F)F)(F)F)(F)F)(F)F)(F)F)O,50,6.5,0.1936,29.7173913,1000,19.08,0,4.49,0.81,[11],0.803145161
222,14,PFOS,C(C(C(C(C(F)(F)S(=O)(=O)O)(F)F)(F)F)(F)F)(C(C(C(F)(F)F)(F)F)(F)F)(F)F,45,6.5,0.194258667,28.61818182,1000,18.27,0,5.3,0.87,[14],0.801008065
174,13,PFOA,C(=O)(C(C(C(C(C(C(C(F)(F)F)(F)F)(F)F)(F)F)(F)F)(F)F)(F)F)O,50,6.5,0.1936,29.7173913,200,19.08,0,4.49,0.87,[11],0.805766129
260,14,PFOS,C(C(C(C(C(F)(F)S(=O)(=O)O)(F)F)(F)F)(F)F)(C(C(C(F)(F)F)(F)F)(F)F)(F)F,45,6.5,0.194258667,28.61818182,200,18.27,0,5.13,0.87,[14],0.834556452
302,15,PFPeA,C(=O)(C(C(C(C(F)(F)F)(F)F)(F)F)(F)F)O,90,7.43,-0.22830519,29.85714286,0.05,1.1,1,7.14,0.88,[6],0.757620968
19,5,PFBA,C(=O)(C(C(C(F)(F)F)(F)F)(F)F)O,90,7.43,-2.14587551,29.95454545,0.32,1.1,1,7.14,0.88,[6],0.806805337
188,13,PFOA,C(=O)(C(C(C(C(C(C(C(F)(F)F)(F)F)(F)F)(F)F)(F)F)(F)F)(F)F)O,45,8.26,0.1936,29.7173913,416.8,1.93,0,10.4,0.889301703,[13],0.877798873
46,6,PFBS,C(C(C(F)(F)S(=O)(=O)O)(F)F)(C(F)(F)F)(F)F,240,7.84,-0.152785185,27.93548387,0.01,0.85,1,4,0.9,[6],0.85625
171,13,PFOA,C(=O)(C(C(C(C(C(C(C(F)(F)F)(F)F)(F)F)(F)F)(F)F)(F)F)(F)F)O,50,12,0.1936,29.7173913,1000,19.08,0,4.93,0.9,[11],0.606715653
262,14,PFOS,C(C(C(C(C(F)(F)S(=O)(=O)O)(F)F)(F)F)(F)F)(C(C(C(F)(F)F)(F)F)(F)F)(F)F,45,6.5,0.194258667,28.61818182,200,18.27,0,7,0.91,[14],0.8625
224,14,PFOS,C(C(C(C(C(F)(F)S(=O)(=O)O)(F)F)(F)F)(F)F)(C(C(C(F)(F)F)(F)F)(F)F)(F)F,45,6.5,0.194258667,28.61818182,200,18.27,0,5.16,0.94,[14],0.862701613
301,15,PFPeA,C(=O)(C(C(C(C(F)(F)F)(F)F)(F)F)(F)F)O,90,7.18,-0.22830519,29.85714286,3.99,0.9,1,7.14,0.94,[6],0.901078204
157,12,PFNA,C(=O)(C(C(C(C(C(C(C(C(F)(F)F)(F)F)(F)F)(F)F)(F)F)(F)F)(F)F)(F)F)O,240,7.84,0.194520809,29.69230769,0.04,0.85,1,4,0.98,[6],0.847419355
263,14,PFOS,C(C(C(C(C(F)(F)S(=O)(=O)O)(F)F)(F)F)(F)F)(C(C(C(F)(F)F)(F)F)(F)F)(F)F,45,6.5,0.194258667,28.61818182,1000,18.27,0,8.02,0.98,[14],0.960657354
86,9,PFHpA,C(=O)(C(C(C(C(C(C(F)(F)F)(F)F)(F)F)(F)F)(F)F)(F)F)O,120,7.56,0.185548582,29.75,0.08,0.93,1,3.4,0.99,[6],0.881144933
184,13,PFOA,C(=O)(C(C(C(C(C(C(C(F)(F)F)(F)F)(F)F)(F)F)(F)F)(F)F)(F)F)O,45,8.26,0.1936,29.7173913,416.8,1.93,0,8.23,1.01,[13],0.891771515
24,5,PFBA,C(=O)(C(C(C(F)(F)F)(F)F)(F)F)O,70,7.29,-2.14587551,29.95454545,0.24,1.19,1,4,1.03,[6],0.923973577
132,11,PFHxS,C(C(C(C(F)(F)S(=O)(=O)O)(F)F)(F)F)(C(C(F)(F)F)(F)F)(F)F,60,7,0.1879375,28.37209302,67.64,0.01,0,8.23,1.04,[9],0.897822581
172,13,PFOA,C(=O)(C(C(C(C(C(C(C(F)(F)F)(F)F)(F)F)(F)F)(F)F)(F)F)(F)F)O,50,6.5,0.1936,29.7173913,200,19.08,0,4.93,1.04,[11],0.950806452
22,5,PFBA,C(=O)(C(C(C(F)(F)F)(F)F)(F)F)O,120,7.56,-2.14587551,29.95454545,0.12,0.93,1,3.4,1.04,[6],0.928793929
91,9,PFHpA,C(=O)(C(C(C(C(C(C(F)(F)F)(F)F)(F)F)(F)F)(F)F)(F)F)O,240,7.84,0.185548582,29.75,0.71,0.85,1,4,1.04,[6],0.961048387
120,10,PFHxA,C(=O)(C(C(C(C(C(F)(F)F)(F)F)(F)F)(F)F)(F)F)O,28,6.6,0.163592,29.79411765,200,3.85,0,4,1.05,[7],0.71608871
61,7,PFDA,C(=O)(C(C(C(C(C(C(C(C(C(F)(F)F)(F)F)(F)F)(F)F)(F)F)(F)F)(F)F)(F)F)(F)F)O,90,7.08,0.191709375,29.67241379,0.02,1.1,1,1.38,1.11,[6],1.003225806
134,11,PFHxS,C(C(C(C(F)(F)S(=O)(=O)O)(F)F)(F)F)(C(C(F)(F)F)(F)F)(F)F,60,7,0.1879375,28.37209302,81.85,0.01,0,4,1.11,[9],0.82580856
310,15,PFPeA,C(=O)(C(C(C(C(F)(F)F)(F)F)(F)F)(F)F)O,240,7.84,-0.22830519,29.85714286,2.86,0.85,1,4,1.12,[6],1.071169355
264,14,PFOS,C(C(C(C(C(F)(F)S(=O)(=O)O)(F)F)(F)F)(F)F)(C(C(C(F)(F)F)(F)F)(F)F)(F)F,45,6.5,0.194258667,28.61818182,200,18.27,0,7.86,1.14,[14],1.014906281
113,10,PFHxA,C(=O)(C(C(C(C(C(F)(F)F)(F)F)(F)F)(F)F)(F)F)O,70,7.17,0.163592,29.79411765,1.47,0.95,1,4,1.15,[6],1.176686233
266,14,PFOS,C(C(C(C(C(F)(F)S(=O)(=O)O)(F)F)(F)F)(F)F)(C(C(C(F)(F)F)(F)F)(F)F)(F)F,45,6.5,0.194258667,28.61818182,200,18.27,0,6.81,1.17,[14],0.997096774
265,14,PFOS,C(C(C(C(C(F)(F)S(=O)(=O)O)(F)F)(F)F)(F)F)(C(C(C(F)(F)F)(F)F)(F)F)(F)F,45,6.5,0.194258667,28.61818182,200,18.27,0,7.47,1.17,[14],1.035323572
306,15,PFPeA,C(=O)(C(C(C(C(F)(F)F)(F)F)(F)F)(F)F)O,70,7.17,-0.22830519,29.85714286,2.5,0.95,1,4,1.18,[6],1.142747899
304,15,PFPeA,C(=O)(C(C(C(C(F)(F)F)(F)F)(F)F)(F)F)O,120,7.8,-0.22830519,29.85714286,2.53,0.77,1,3.4,1.2,[6],1.222419355
110,10,PFHxA,C(=O)(C(C(C(C(C(F)(F)F)(F)F)(F)F)(F)F)(F)F)O,90,7.08,0.163592,29.79411765,1.13,1.1,1,1.38,1.21,[6],1.143830645
10,5,PFBA,C(=O)(C(C(C(F)(F)F)(F)F)(F)F)O,224,6.1,-2.14587551,29.95454545,4.68,2.24,1,1.38,1.24,[4],1.031115184
181,13,PFOA,C(=O)(C(C(C(C(C(C(C(F)(F)F)(F)F)(F)F)(F)F)(F)F)(F)F)(F)F)O,60,7,0.1936,29.7173913,108,0.01,0,8.23,1.28,[9],1.049381069
84,9,PFHpA,C(=O)(C(C(C(C(C(C(F)(F)F)(F)F)(F)F)(F)F)(F)F)(F)F)O,90,7.08,0.185548582,29.75,1.07,1.1,1,1.38,1.31,[6],1.225927419
89,9,PFHpA,C(=O)(C(C(C(C(C(C(F)(F)F)(F)F)(F)F)(F)F)(F)F)(F)F)O,130,7.23,0.185548582,29.75,1.73,1.04,1,5.42,1.36,[6],1.078629032
25,5,PFBA,C(=O)(C(C(C(F)(F)F)(F)F)(F)F)O,130,7.23,-2.14587551,29.95454545,8.47,1.04,1,5.42,1.39,[6],1.153006226
94,9,PFHpA,C(=O)(C(C(C(C(C(C(F)(F)F)(F)F)(F)F)(F)F)(F)F)(F)F)O,60,7,0.185548582,29.75,34.9,0.01,0,7.14,1.46,[9],1.396749772
313,16,PFPeA,C(=O)(C(C(C(C(F)(F)F)(F)F)(F)F)(F)F)O,80,5.67,-0.22830519,29.85714286,10,0.93,1,5.32,1.531478917,[15],0.931753312
87,9,PFHpA,C(=O)(C(C(C(C(C(C(F)(F)F)(F)F)(F)F)(F)F)(F)F)(F)F)O,70,7.17,0.185548582,29.75,1.25,0.95,1,4,1.56,[6],1.321721909
42,6,PFBS,C(C(C(F)(F)S(=O)(=O)O)(F)F)(C(F)(F)F)(F)F,60,7,-0.152785185,27.93548387,39.14,0.01,0,8.23,1.56,[9],1.411008065
18,5,PFBA,C(=O)(C(C(C(F)(F)F)(F)F)(F)F)O,70,7.18,-2.14587551,29.95454545,7.19,0.9,1,7.14,1.59,[6],1.381310321
27,5,PFBA,C(=O)(C(C(C(F)(F)F)(F)F)(F)F)O,240,7.84,-2.14587551,29.95454545,4.76,0.85,1,4,1.64,[6],1.399215513
85,9,PFHpA,C(=O)(C(C(C(C(C(C(F)(F)F)(F)F)(F)F)(F)F)(F)F)(F)F)O,120,7.8,0.185548582,29.75,1.53,0.77,1,3.4,1.69,[6],1.395040323
93,9,PFHpA,C(=O)(C(C(C(C(C(C(F)(F)F)(F)F)(F)F)(F)F)(F)F)(F)F)O,60,7,0.185548582,29.75,48.49,0.01,0,8.23,1.69,[9],1.642096774
158,12,PFNA,C(=O)(C(C(C(C(C(C(C(C(F)(F)F)(F)F)(F)F)(F)F)(F)F)(F)F)(F)F)(F)F)O,240,7.7,0.194520809,29.69230769,0.01,1.04,1,4,1.75,[6],1.338145161
95,9,PFHpA,C(=O)(C(C(C(C(C(C(F)(F)F)(F)F)(F)F)(F)F)(F)F)(F)F)O,60,7,0.185548582,29.75,47.72,0.01,0,4,1.81,[9],1.667499407
44,6,PFBS,C(C(C(F)(F)S(=O)(=O)O)(F)F)(C(F)(F)F)(F)F,60,7,-0.152785185,27.93548387,43.68,0.01,0,4,1.86,[9],1.561370968
32,5,PFBA,C(=O)(C(C(C(F)(F)F)(F)F)(F)F)O,80,5.67,-2.14587551,29.95454545,10,0.93,1,5.32,1.977723605,[15],1.469656433
