SMILES,Authors,Congener,Albumin_Type,Temperature,Method,Ka
C(=O)(C(C(C(F)(F)F)(F)F)(F)F)O,Allendorf et al.2019,PFBA,BSA,310.0,Equilibrium dialysis,23000.0
C(=O)(C(C(C(C(C(F)(F)F)(F)F)(F)F)(F)F)(F)F)O,Allendorf et al.2019,PFHxA,BSA,310.0,Equilibrium dialysis,180000.0
C(=O)(C(C(C(C(C(C(F)(F)F)(F)F)(F)F)(F)F)(F)F)(F)F)O,Allendorf et al.2019,PFHpA,BSA,310.0,Equilibrium dialysis,720000.0
C(=O)(C(C(C(C(C(C(C(F)(F)F)(F)F)(F)F)(F)F)(F)F)(F)F)(F)F)O,Allendorf et al.2019,PFOA,BSA,310.0,Equilibrium dialysis,1100000.0
C(=O)(C(C(C(C(C(C(C(C(F)(F)F)(F)F)(F)F)(F)F)(F)F)(F)F)(F)F)(F)F)O,Allendorf et al.2019,PFNA,BSA,310.0,Equilibrium dialysis,1400000.0
C(=O)(C(C(C(C(C(C(C(C(C(F)(F)F)(F)F)(F)F)(F)F)(F)F)(F)F)(F)F)(F)F)(F)F)O,Allendorf et al.2019,PFDA,BSA,310.0,Equilibrium dialysis,3600000.0
C(=O)(C(C(C(C(C(C(C(C(C(C(F)(F)F)(F)F)(F)F)(F)F)(F)F)(F)F)(F)F)(F)F)(F)F)(F)F)O,Allendorf et al.2019,PFUnA,BSA,310.0,Equilibrium dialysis,3100000.0
C1(C(O1)(F)F)(C(F)(F)F)F,Allendorf et al.2019,HFPO-DA,BSA,310.0,Equilibrium dialysis,23000.0
C(C(C(=O)O)(F)F)(OC(C(C(OC(F)(F)F)(F)F)(F)F)(F)F)F,Allendorf et al.2019,ADONA,BSA,310.0,Equilibrium dialysis,180000.0
C(C(C(F)(F)S(=O)(=O)O)(F)F)(C(F)(F)F)(F)F,Allendorf et al.2019,PFBS,BSA,310.0,Equilibrium dialysis,110000.0
C(C(C(C(F)(F)S(=O)(=O)O)(F)F)(F)F)(C(C(F)(F)F)(F)F)(F)F,Allendorf et al.2019,PFHxS,BSA,310.0,Equilibrium dialysis,4400000.0
C(C(C(C(C(F)(F)S(=O)(=O)O)(F)F)(F)F)(F)F)(C(C(C(F)(F)F)(F)F)(F)F)(F)F,Allendorf et al.2019,PFOS,BSA,310.0,Equilibrium dialysis,3200000.0
C(C(C(C(F)(F)Cl)(F)F)(F)F)(C(C(OC(C(F)(F)S(=O)(=O)O)(F)F)(F)F)(F)F)(F)F,Allendorf et al.2019,9Cl-PF3ONS,BSA,310.0,Equilibrium dialysis,6900000.0
C1(C(C(C(C(C1(F)F)(F)F)(F)S(=O)(=O)O)(F)F)(F)F)(C(C(F)(F)F)(F)F)F,Allendorf et al.2019,PFECHS,BSA,310.0,Equilibrium dialysis,2400000.0
C(=O)(C(C(C(F)(F)F)(F)F)(F)F)O,Allendorf et al.2019,PFBA,BSA,310.0,Equilibrium dialysis,5400.0
C(=O)(C(C(C(C(C(F)(F)F)(F)F)(F)F)(F)F)(F)F)O,Allendorf et al.2019,PFHxA,BSA,310.0,Equilibrium dialysis,70000.0
C(=O)(C(C(C(C(C(C(F)(F)F)(F)F)(F)F)(F)F)(F)F)(F)F)O,Allendorf et al.2019,PFHpA,BSA,310.0,Equilibrium dialysis,410000.0
C(=O)(C(C(C(C(C(C(C(F)(F)F)(F)F)(F)F)(F)F)(F)F)(F)F)(F)F)O,Allendorf et al.2019,PFOA,BSA,310.0,Equilibrium dialysis,1000000.0
C(=O)(C(C(C(C(C(C(C(C(F)(F)F)(F)F)(F)F)(F)F)(F)F)(F)F)(F)F)(F)F)O,Allendorf et al.2019,PFNA,BSA,310.0,Equilibrium dialysis,2100000.0
C(=O)(C(C(C(C(C(C(C(C(C(F)(F)F)(F)F)(F)F)(F)F)(F)F)(F)F)(F)F)(F)F)(F)F)O,Allendorf et al.2019,PFDA,BSA,310.0,Equilibrium dialysis,4700000.0
C(=O)(C(C(C(C(C(C(C(C(C(C(F)(F)F)(F)F)(F)F)(F)F)(F)F)(F)F)(F)F)(F)F)(F)F)(F)F)O,Allendorf et al.2019,PFUnA,BSA,310.0,Equilibrium dialysis,3600000.0
C1(C(O1)(F)F)(C(F)(F)F)F,Allendorf et al.2019,HFPO-DA,BSA,310.0,Equilibrium dialysis,34000.0
C(C(C(=O)O)(F)F)(OC(C(C(OC(F)(F)F)(F)F)(F)F)(F)F)F,Allendorf et al.2019,ADONA,BSA,310.0,Equilibrium dialysis,420000.0
C(C(C(F)(F)S(=O)(=O)O)(F)F)(C(F)(F)F)(F)F,Allendorf et al.2019,PFBS,BSA,310.0,Equilibrium dialysis,31000.0
C(C(C(C(F)(F)S(=O)(=O)O)(F)F)(F)F)(C(C(F)(F)F)(F)F)(F)F,Allendorf et al.2019,PFHxS,BSA,310.0,Equilibrium dialysis,2200000.0
C(C(C(C(C(F)(F)S(=O)(=O)O)(F)F)(F)F)(F)F)(C(C(C(F)(F)F)(F)F)(F)F)(F)F,Allendorf et al.2019,PFOS,BSA,310.0,Equilibrium dialysis,4700000.0
C(C(C(C(F)(F)Cl)(F)F)(F)F)(C(C(OC(C(F)(F)S(=O)(=O)O)(F)F)(F)F)(F)F)(F)F,Allendorf et al.2019,9Cl-PF3ONS,BSA,310.0,Equilibrium dialysis,7200000.0
C1(C(C(C(C(C1(F)F)(F)F)(F)S(=O)(=O)O)(F)F)(F)F)(C(C(F)(F)F)(F)F)F,Allendorf et al.2019,PFECHS,BSA,310.0,Equilibrium dialysis,1300000.0
C(C(C(C(C(F)(F)S(=O)(=O)O)(F)F)(F)F)(F)F)(C(C(C(F)(F)F)(F)F)(F)F)(F)F,Beesoon & Martin.2015,PFOS,HSA,310.0,ultrafiltration centrifugation,12500000.0
C(C(C(C(C(F)(F)F)(F)F)(F)F)(F)F)(C(C(F)(F)S(=O)(=O)O)(F)F)(C(F)(F)F)F,Beesoon & Martin.2015,3m-PFOS,HSA,310.0,ultrafiltration centrifugation,2500.0
C(C(C(C(F)(F)F)(F)F)(F)F)(C(C(C(F)(F)S(=O)(=O)O)(F)F)(F)F)(C(F)(F)F)F,Beesoon & Martin.2015,4m-PFOS,HSA,310.0,ultrafiltration centrifugation,12499.999999999998
C(C(C(C(C(F)(F)S(=O)(=O)O)(F)F)(F)F)(F)F)(C(C(F)(F)F)(F)F)(C(F)(F)F)F,Beesoon & Martin.2015,5m-PFOS,HSA,310.0,ultrafiltration centrifugation,11111.111111111111
C(=O)(C(C(C(C(C(C(C(F)(F)F)(F)F)(F)F)(F)F)(F)F)(F)F)(F)F)O,Beesoon & Martin.2015,PFOA,HSA,310.0,ultrafiltration centrifugation,10000.0
C(=O)(C(C(C(C(C(C(F)(F)F)(F)F)(F)F)(F)F)(C(F)(F)F)F)(F)F)O,Beesoon & Martin.2015,3m-PFOA,HSA,310.0,ultrafiltration centrifugation,2500.0
C(=O)(C(C(C(C(C(C(F)(F)F)(F)F)(C(F)(F)F)F)(F)F)(F)F)(F)F)O,Beesoon & Martin.2015,5m-PFOA,HSA,310.0,ultrafiltration centrifugation,3333.3333333333335
C(=O)(C(C(C(C(C(C(C(F)(F)F)(F)F)(F)F)(F)F)(F)F)(F)F)(F)F)O,Bischel et al.2010,PFOA,BSA,294.0,Equilibrium dialysis,200000.0
C(=O)(C(C(C(C(C(C(C(F)(F)F)(F)F)(F)F)(F)F)(F)F)(F)F)(F)F)O,Bischel et al.2010,PFOA,BSA,294.0,Equilibrium dialysis,1400000.0
C(=O)(C(C(C(C(C(C(C(C(F)(F)F)(F)F)(F)F)(F)F)(F)F)(F)F)(F)F)(F)F)O,Bischel et al.2010,PFNA,BSA,294.0,Equilibrium dialysis,1100000.0
C(=O)(C(C(C(C(C(C(C(C(F)(F)F)(F)F)(F)F)(F)F)(F)F)(F)F)(F)F)(F)F)O,Bischel et al.2010,PFNA,BSA,294.0,Equilibrium dialysis,3300000.0
C(=O)(C(C(C(C(C(C(C(C(F)(F)F)(F)F)(F)F)(F)F)(F)F)(F)F)(F)F)(F)F)O,Bischel et al.2010,PFNA,HSA,295.0,Equilibrium dialysis,2100000.0
C(=O)(C(C(C(C(C(C(C(F)(F)F)(F)F)(F)F)(F)F)(F)F)(F)F)(F)F)O,Bischel et al.2010,PFOA,BSA,-100.0,nanoESI-MS,130000.0
C(=O)(C(C(C(C(C(C(C(C(F)(F)F)(F)F)(F)F)(F)F)(F)F)(F)F)(F)F)(F)F)O,Bischel et al.2010,PFNA,BSA,-100.0,nanoESI-MS,260000.0
C(=O)(C(C(C(C(C(C(C(C(F)(F)F)(F)F)(F)F)(F)F)(F)F)(F)F)(F)F)(F)F)O,Bischel et al.2010,PFNA,BSA,295.0,Equilibrium dialysis,1400000.0
C(=O)(C(C(C(C(C(C(C(F)(F)F)(F)F)(F)F)(F)F)(F)F)(F)F)(F)F)O,Chen et al.2015,PFOA,BSA,295.0,fluorescence quenching,479000.0
C(=O)(C(C(C(C(C(C(C(F)(F)F)(F)F)(F)F)(F)F)(F)F)(F)F)(F)F)O,Chen et al.2015,PFOA,BSA,300.0,fluorescence quenching,377000.0
C(=O)(C(C(C(C(C(C(C(F)(F)F)(F)F)(F)F)(F)F)(F)F)(F)F)(F)F)O,Chen et al.2015,PFOA,BSA,305.0,fluorescence quenching,287000.0
C(=O)(C(C(C(C(C(C(C(F)(F)F)(F)F)(F)F)(F)F)(F)F)(F)F)(F)F)O,Chen et al.2015,PFOA,BSA,310.0,fluorescence quenching,244000.0
C(C(C(C(C(F)(F)S(=O)(=O)O)(F)F)(F)F)(F)F)(C(C(C(F)(F)F)(F)F)(F)F)(F)F,Chen et al.2015,PFOS,BSA,295.0,fluorescence quenching,751000.0
C(C(C(C(C(F)(F)S(=O)(=O)O)(F)F)(F)F)(F)F)(C(C(C(F)(F)F)(F)F)(F)F)(F)F,Chen et al.2015,PFOS,BSA,300.0,fluorescence quenching,574000.0
C(C(C(C(C(F)(F)S(=O)(=O)O)(F)F)(F)F)(F)F)(C(C(C(F)(F)F)(F)F)(F)F)(F)F,Chen et al.2015,PFOS,BSA,305.0,fluorescence quenching,419000.0
C(C(C(C(C(F)(F)S(=O)(=O)O)(F)F)(F)F)(F)F)(C(C(C(F)(F)F)(F)F)(F)F)(F)F,Chen et al.2015,PFOS,BSA,310.0,fluorescence quenching,338000.0
C(=O)(C(C(C(C(C(C(C(F)(F)F)(F)F)(F)F)(F)F)(F)F)(F)F)(F)F)O,Chi et al. 2018,PFOA,BSA,310.0,ESI-MS,830000.0
C(C(C(C(C(F)(F)S(=O)(=O)O)(F)F)(F)F)(F)F)(C(C(C(F)(F)F)(F)F)(F)F)(F)F,Chi et al. 2018,PFOS,BSA,310.0,ESI-MS,990000.0
C(=O)(C(C(C(C(C(C(C(F)(F)F)(F)F)(F)F)(F)F)(F)F)(F)F)(F)F)O,Chi et al. 2018,PFOA,HSA,310.0,ESI-MS,130000.0
C(C(C(C(C(F)(F)S(=O)(=O)O)(F)F)(F)F)(F)F)(C(C(C(F)(F)F)(F)F)(F)F)(F)F,Chi et al. 2018,PFOS,HSA,310.0,ESI-MS,200000.0
C(=O)(C(C(C(C(C(C(C(F)(F)F)(F)F)(F)F)(F)F)(F)F)(F)F)(F)F)O,Chi et al. 2018,PFOA,BSA,310.0,ESI-MS,260000.0
C(C(C(C(C(F)(F)S(=O)(=O)O)(F)F)(F)F)(F)F)(C(C(C(F)(F)F)(F)F)(F)F)(F)F,Chi et al. 2018,PFOS,BSA,310.0,ESI-MS,910000.0
C(=O)(C(C(C(C(C(C(C(F)(F)F)(F)F)(F)F)(F)F)(F)F)(F)F)(F)F)O,Chi et al. 2018,PFOA,HSA,310.0,ESI-MS,120000.0
C(C(C(C(C(F)(F)S(=O)(=O)O)(F)F)(F)F)(F)F)(C(C(C(F)(F)F)(F)F)(F)F)(F)F,Chi et al. 2018,PFOS,HSA,310.0,ESI-MS,140000.0
C(=O)(C(C(C(C(C(C(C(F)(F)F)(F)F)(F)F)(F)F)(F)F)(F)F)(F)F)O,Chi et al. 2018,PFOA,BSA,310.0,ESI-MS,210000.0
C(C(C(C(C(F)(F)S(=O)(=O)O)(F)F)(F)F)(F)F)(C(C(C(F)(F)F)(F)F)(F)F)(F)F,Chi et al. 2018,PFOS,BSA,310.0,ESI-MS,760000.0
C(=O)(C(C(C(C(C(C(C(F)(F)F)(F)F)(F)F)(F)F)(F)F)(F)F)(F)F)O,Chi et al. 2018,PFOA,HSA,310.0,ESI-MS,110000.0
C(C(C(C(C(F)(F)S(=O)(=O)O)(F)F)(F)F)(F)F)(C(C(C(F)(F)F)(F)F)(F)F)(F)F,Chi et al. 2018,PFOS,HSA,310.0,ESI-MS,110000.0
C(=O)(C(C(C(F)(F)F)(F)F)(F)F)O,Crisalli et al.2023,PFBA,HSA,298.0,Isothermal Titration Calorimetry,31062.0
C(=O)(C(C(C(C(C(F)(F)F)(F)F)(F)F)(F)F)(F)F)O,Crisalli et al.2023,PFHxA,HSA,298.0,Isothermal Titration Calorimetry,400540.0
C1(C(O1)(F)F)(C(F)(F)F)F,Crisalli et al.2023,HFPO-DA,HSA,298.0,Isothermal Titration Calorimetry,216130.0
C(=O)(C(C(C(C(C(C(F)(F)F)(F)F)(F)F)(F)F)(F)F)(F)F)O,Crisalli et al.2023,PFHpA,HSA,298.0,Isothermal Titration Calorimetry,2155500.0
C(=O)(C(C(C(C(C(C(C(F)(F)F)(F)F)(F)F)(F)F)(F)F)(F)F)(F)F)O,Crisalli et al.2023,PFOA,HSA,298.0,Isothermal Titration Calorimetry,9324800.0
C(=O)(C(C(C(F)(F)F)(F)F)(F)F)O,Gao et al.2019,PFBA,HSA,310.0,Equilibrium dialysis,2386.634844868735
C(=O)(C(C(C(C(F)(F)F)(F)F)(F)F)(F)F)O,Gao et al.2019,PFPeA,HSA,310.0,Equilibrium dialysis,3496.5034965034965
C(=O)(C(C(C(C(C(F)(F)F)(F)F)(F)F)(F)F)(F)F)O,Gao et al.2019,PFHxA,HSA,310.0,Equilibrium dialysis,5128.205128205128
C(=O)(C(C(C(C(C(C(F)(F)F)(F)F)(F)F)(F)F)(F)F)(F)F)O,Gao et al.2019,PFHpA,HSA,310.0,Equilibrium dialysis,5813.953488372093
C(=O)(C(C(C(C(C(C(C(F)(F)F)(F)F)(F)F)(F)F)(F)F)(F)F)(F)F)O,Gao et al.2019,PFOA,HSA,310.0,Equilibrium dialysis,8695.652173913044
C(=O)(C(C(C(C(C(C(C(C(F)(F)F)(F)F)(F)F)(F)F)(F)F)(F)F)(F)F)(F)F)O,Gao et al.2019,PFNA,HSA,310.0,Equilibrium dialysis,13698.630136986301
C(=O)(C(C(C(C(C(C(C(C(C(F)(F)F)(F)F)(F)F)(F)F)(F)F)(F)F)(F)F)(F)F)(F)F)O,Gao et al.2019,PFDA,HSA,310.0,Equilibrium dialysis,15384.615384615387
C(=O)(C(C(C(C(C(C(C(C(C(C(F)(F)F)(F)F)(F)F)(F)F)(F)F)(F)F)(F)F)(F)F)(F)F)(F)F)O,Gao et al.2019,PFUnA,HSA,310.0,Equilibrium dialysis,12658.227848101267
C(=O)(C(C(C(C(C(C(C(C(C(C(C(F)(F)F)(F)F)(F)F)(F)F)(F)F)(F)F)(F)F)(F)F)(F)F)(F)F)(F)F)O,Gao et al.2019,PFDoA,HSA,310.0,Equilibrium dialysis,9708.73786407767
C(=O)(C(C(C(C(C(C(C(C(C(C(C(C(F)(F)F)(F)F)(F)F)(F)F)(F)F)(F)F)(F)F)(F)F)(F)F)(F)F)(F)F)(F)F)O,Gao et al.2019,PFTrA,HSA,310.0,Equilibrium dialysis,3773.5849056603774
C(C(C(F)(F)S(=O)(=O)O)(F)F)(C(F)(F)F)(F)F,Gao et al.2019,PFBS,HSA,310.0,Equilibrium dialysis,5917.15976331361
C(C(C(C(F)(F)S(=O)(=O)O)(F)F)(F)F)(C(C(F)(F)F)(F)F)(F)F,Gao et al.2019,PFHxS,HSA,310.0,Equilibrium dialysis,12658.227848101267
C(C(C(C(C(F)(F)S(=O)(=O)O)(F)F)(F)F)(F)F)(C(C(C(F)(F)F)(F)F)(F)F)(F)F,Gao et al.2019,PFOS,HSA,310.0,Equilibrium dialysis,26315.78947368421
C(C(C(C(F)(F)Cl)(F)F)(F)F)(C(C(OC(C(F)(F)S(=O)(=O)O)(F)F)(F)F)(F)F)(F)F,Gao et al.2019,9Cl-PF3ONS,HSA,310.0,Equilibrium dialysis,14925.373134328358
C(=O)(C(C(C(C(C(C(C(F)(F)F)(F)F)(F)F)(F)F)(F)F)(F)F)(F)F)O,Han et al.2003,PFOA,RSA,296.0,19F NMR Titration,3448.2758620689656
C(=O)(C(C(C(C(C(C(C(F)(F)F)(F)F)(F)F)(F)F)(F)F)(F)F)(F)F)O,Han et al.2003,PFOA,RSA,296.0,Microdesalting Column Separation,2777.777777777778
C(=O)(C(C(C(C(C(C(C(F)(F)F)(F)F)(F)F)(F)F)(F)F)(F)F)(F)F)O,Han et al.2003,PFOA,HSA,296.0,Microdesalting Column Separation,2631.578947368421
C(=O)(C(C(C(F)(F)F)(F)F)(F)F)O,Jackson et al.2021,PFBA,HSA,-100.0,DSF,389.1050583657588
C(=O)(C(C(C(C(F)(F)F)(F)F)(F)F)(F)F)O,Jackson et al.2021,PFPeA,HSA,-100.0,DSF,476.19047619047615
C(=O)(C(C(C(C(C(F)(F)F)(F)F)(F)F)(F)F)(F)F)O,Jackson et al.2021,PFHxA,HSA,-100.0,DSF,609.7560975609756
C(=O)(C(C(C(C(C(C(F)(F)F)(F)F)(F)F)(F)F)(F)F)(F)F)O,Jackson et al.2021,PFHpA,HSA,-100.0,DSF,2272.7272727272725
C(=O)(C(C(C(C(C(C(C(F)(F)F)(F)F)(F)F)(F)F)(F)F)(F)F)(F)F)O,Jackson et al.2021,PFOA,HSA,-100.0,DSF,1204.8192771084337
C(=O)(C(C(C(C(C(C(C(C(F)(F)F)(F)F)(F)F)(F)F)(F)F)(F)F)(F)F)(F)F)O,Jackson et al.2021,PFNA,HSA,-100.0,DSF,1724.1379310344828
C(=O)(C(C(C(C(C(C(C(C(C(F)(F)F)(F)F)(F)F)(F)F)(F)F)(F)F)(F)F)(F)F)(F)F)O,Jackson et al.2021,PFDA,HSA,-100.0,DSF,840.3361344537816
C(=O)(C(C(C(C(C(C(C(C(C(C(F)(F)F)(F)F)(F)F)(F)F)(F)F)(F)F)(F)F)(F)F)(F)F)(F)F)O,Jackson et al.2021,PFUnA,HSA,-100.0,DSF,735.2941176470588
C(=O)(C(C(C(C(C(C(C(C(C(C(C(F)(F)F)(F)F)(F)F)(F)F)(F)F)(F)F)(F)F)(F)F)(F)F)(F)F)(F)F)O,Jackson et al.2021,PFDoA,HSA,-100.0,DSF,529.1005291005291
C(C(C(F)(F)S(=O)(=O)O)(F)F)(C(F)(F)F)(F)F,Jackson et al.2021,PFBS,HSA,-100.0,DSF,606.0606060606061
C(C(C(C(F)(F)S(=O)(=O)O)(F)F)(F)F)(C(C(F)(F)F)(F)F)(F)F,Jackson et al.2021,PFHxS,HSA,-100.0,DSF,1408.4507042253522
C(C(C(C(C(F)(F)S(=O)(=O)O)(F)F)(F)F)(F)F)(C(C(C(F)(F)F)(F)F)(F)F)(F)F,Jackson et al.2021,PFOS,HSA,-100.0,DSF,1449.2753623188407
C(C(F)(F)F)(OC(C(C(F)(F)F)(F)F)(F)F)F,Jackson et al.2021,E1,HSA,-100.0,DSF,609.7560975609756
C1(C(O1)(F)F)(C(F)(F)F)F,Jackson et al.2021,HFPO-DA,HSA,-100.0,DSF,625.0
C(C(F)(F)F)(OC(C(C(F)(F)F)(OC(C(F)(F)S(=O)(=O)O)(F)F)F)(F)F)F,Jackson et al.2021,Nafion bp2,HSA,-100.0,DSF,662.251655629139
C(CS(=O)(=O)O)C(C(C(C(C(C(F)(F)F)(F)F)(F)F)(F)F)(F)F)(F)F,Jackson et al.2021,6:2 FTSA,HSA,-100.0,DSF,653.59477124183
C(CC(C(C(F)(F)F)(F)F)(F)F)C(=O)O,Jackson et al.2021,3:3 FTCA,HSA,-100.0,DSF,584.7953216374269
C(CC(C(C(C(C(F)(F)F)(F)F)(F)F)(F)F)(F)F)C(=O)O,Jackson et al.2021,5:3 FTCA,HSA,-100.0,DSF,1612.9032258064517
C(CC(C(C(C(C(C(F)(F)F)(F)F)(F)F)(F)F)(F)F)(F)F)C(=O)O,Jackson et al.2021,6:3 FTCA,HSA,-100.0,DSF,1234.567901234568
C(CC(C(C(C(C(C(C(C(F)(F)F)(F)F)(F)F)(F)F)(F)F)(F)F)(F)F)(F)F)C(=O)O,Jackson et al.2021,8:3 FTCA,HSA,-100.0,DSF,1030.9278350515465
C(CS(=O)(=O)O)C(C(C(C(F)(F)F)(F)F)(F)F)(F)F,Jackson et al.2021,4:2 FTSA,HSA,-100.0,DSF,934.5794392523364
C(CS(=O)(=O)O)C(C(C(C(C(C(F)(F)F)(F)F)(F)F)(F)F)(F)F)(F)F,Jackson et al.2021,6:2 FTSA,HSA,-100.0,DSF,2702.702702702703
C(=O)(C(C(C(C(C(C(C(F)(F)F)(F)F)(F)F)(F)F)(F)F)(F)F)(F)F)O,MacManus-Spencer et al.2010,PFOA,BSA,310.0,19F NMR Titration,630.0
C(=O)(C(C(C(C(C(C(C(C(F)(F)F)(F)F)(F)F)(F)F)(F)F)(F)F)(F)F)(F)F)O,MacManus-Spencer et al.2010,PFNA,BSA,310.0,19F NMR Titration,8000.0
C(=O)(C(C(C(C(C(C(C(C(F)(F)F)(F)F)(F)F)(F)F)(F)F)(F)F)(F)F)(F)F)O,MacManus-Spencer et al.2010,PFNA,HSA,310.0,19F NMR Titration,20000.0
C(=O)(C(C(C(C(C(C(C(F)(F)F)(F)F)(F)F)(F)F)(F)F)(F)F)(F)F)O,MacManus-Spencer et al.2010,PFOA,BSA,310.0,fluorescence quenching,33000.0
C(=O)(C(C(C(C(C(C(C(F)(F)F)(F)F)(F)F)(F)F)(F)F)(F)F)(F)F)O,MacManus-Spencer et al.2010,PFOA,BSA,310.0,fluorescence quenching,150000.0
C(=O)(C(C(C(C(C(C(C(C(F)(F)F)(F)F)(F)F)(F)F)(F)F)(F)F)(F)F)(F)F)O,MacManus-Spencer et al.2010,PFNA,BSA,310.0,fluorescence quenching,49000.0
C(=O)(C(C(C(C(C(C(C(C(F)(F)F)(F)F)(F)F)(F)F)(F)F)(F)F)(F)F)(F)F)O,MacManus-Spencer et al.2010,PFNA,BSA,310.0,fluorescence quenching,70000.0
C(=O)(C(C(C(C(C(C(C(C(F)(F)F)(F)F)(F)F)(F)F)(F)F)(F)F)(F)F)(F)F)O,MacManus-Spencer et al.2010,PFNA,BSA,310.0,fluorescence quenching,100000.0
C(=O)(C(C(C(C(C(C(C(C(F)(F)F)(F)F)(F)F)(F)F)(F)F)(F)F)(F)F)(F)F)O,MacManus-Spencer et al.2010,PFNA,BSA,310.0,fluorescence quenching,170000.0
C(=O)(C(C(C(C(C(C(C(C(F)(F)F)(F)F)(F)F)(F)F)(F)F)(F)F)(F)F)(F)F)O,MacManus-Spencer et al.2010,PFNA,BSA,310.0,fluorescence quenching,230000.0
C(=O)(C(C(C(C(C(C(C(C(F)(F)F)(F)F)(F)F)(F)F)(F)F)(F)F)(F)F)(F)F)O,MacManus-Spencer et al.2010,PFNA,BSA,310.0,fluorescence quenching,600000.0
C(=O)(C(C(C(C(C(C(C(C(C(F)(F)F)(F)F)(F)F)(F)F)(F)F)(F)F)(F)F)(F)F)(F)F)O,MacManus-Spencer et al.2010,PFDA,BSA,310.0,fluorescence quenching,180000.0
C(=O)(C(C(C(C(C(C(C(C(C(F)(F)F)(F)F)(F)F)(F)F)(F)F)(F)F)(F)F)(F)F)(F)F)O,MacManus-Spencer et al.2010,PFDA,BSA,310.0,fluorescence quenching,140000.0
C(=O)(C(C(C(C(C(C(C(C(C(F)(F)F)(F)F)(F)F)(F)F)(F)F)(F)F)(F)F)(F)F)(F)F)O,MacManus-Spencer et al.2010,PFDA,BSA,310.0,fluorescence quenching,300000.0
C(=O)(C(C(C(C(C(C(C(C(C(C(F)(F)F)(F)F)(F)F)(F)F)(F)F)(F)F)(F)F)(F)F)(F)F)(F)F)O,MacManus-Spencer et al.2010,PFUnA,BSA,310.0,fluorescence quenching,300000.0
C(=O)(C(C(C(C(C(C(C(C(C(C(F)(F)F)(F)F)(F)F)(F)F)(F)F)(F)F)(F)F)(F)F)(F)F)(F)F)O,MacManus-Spencer et al.2010,PFUnA,BSA,310.0,fluorescence quenching,20000.0
C(=O)(C(C(C(C(C(C(C(C(F)(F)F)(F)F)(F)F)(F)F)(F)F)(F)F)(F)F)(F)F)O,MacManus-Spencer et al.2010,PFNA,HSA,310.0,fluorescence quenching,30000.0
C(=O)(C(C(C(C(C(C(C(C(F)(F)F)(F)F)(F)F)(F)F)(F)F)(F)F)(F)F)(F)F)O,MacManus-Spencer et al.2010,PFNA,HSA,310.0,fluorescence quenching,50000.0
C(=O)(C(C(C(C(C(C(C(C(F)(F)F)(F)F)(F)F)(F)F)(F)F)(F)F)(F)F)(F)F)O,Peng et al.2024,PFNA,HSA,298.0,fluorescence quenching,7810000.0
C(=O)(C(C(C(C(C(C(C(C(F)(F)F)(F)F)(F)F)(F)F)(F)F)(F)F)(F)F)(F)F)O,Peng et al.2024,PFNA,HSA,304.0,fluorescence quenching,202000.0
C(=O)(C(C(C(C(C(C(C(C(F)(F)F)(F)F)(F)F)(F)F)(F)F)(F)F)(F)F)(F)F)O,Peng et al.2024,PFNA,HSA,310.0,fluorescence quenching,99000.0
C(=O)(C(C(F)(F)F)(OC(C(C(F)(F)F)(OC(C(C(F)(F)F)(F)F)(F)F)F)(F)F)F)O,Peng et al.2024,HFPO-TA,HSA,298.0,fluorescence quenching,3700000.0
C(=O)(C(C(F)(F)F)(OC(C(C(F)(F)F)(OC(C(C(F)(F)F)(F)F)(F)F)F)(F)F)F)O,Peng et al.2024,HFPO-TA,HSA,304.0,fluorescence quenching,85400000.0
C(=O)(C(C(F)(F)F)(OC(C(C(F)(F)F)(OC(C(C(F)(F)F)(F)F)(F)F)F)(F)F)F)O,Peng et al.2024,HFPO-TA,HSA,310.0,fluorescence quenching,2310000000.0
C(=O)(C(C(C(C(C(C(C(F)(F)F)(F)F)(F)F)(F)F)(F)F)(F)F)(F)F)O,Peng et al.2024,PFOA,HSA,298.0,fluorescence quenching,2270000.0
C(=O)(C(C(C(C(C(C(C(F)(F)F)(F)F)(F)F)(F)F)(F)F)(F)F)(F)F)O,Peng et al.2024,PFOA,HSA,304.0,fluorescence quenching,2230000.0
C(=O)(C(C(C(C(C(C(C(F)(F)F)(F)F)(F)F)(F)F)(F)F)(F)F)(F)F)O,Peng et al.2024,PFOA,HSA,310.0,fluorescence quenching,1980000.0
C(=O)(C(OC(C(OC(C(OC(F)(F)F)(F)F)(F)F)(F)F)(F)F)(F)F)O,Peng et al.2024,PFO3DA,HSA,298.0,fluorescence quenching,159000.0
C(=O)(C(OC(C(OC(C(OC(F)(F)F)(F)F)(F)F)(F)F)(F)F)(F)F)O,Peng et al.2024,PFO3DA,HSA,304.0,fluorescence quenching,45500.0
C(=O)(C(OC(C(OC(C(OC(F)(F)F)(F)F)(F)F)(F)F)(F)F)(F)F)O,Peng et al.2024,PFO3DA,HSA,310.0,fluorescence quenching,29900.0
C(=O)(C(C(C(C(C(C(F)(F)F)(F)F)(F)F)(F)F)(F)F)(F)F)O,Peng et al.2024,PFHpA,HSA,298.0,fluorescence quenching,4530.0
C(=O)(C(C(C(C(C(C(F)(F)F)(F)F)(F)F)(F)F)(F)F)(F)F)O,Peng et al.2024,PFHpA,HSA,304.0,fluorescence quenching,535000.0
C(=O)(C(C(C(C(C(C(F)(F)F)(F)F)(F)F)(F)F)(F)F)(F)F)O,Peng et al.2024,PFHpA,HSA,310.0,fluorescence quenching,747000.0
C(=O)(C(C(C(C(C(C(C(=O)O)(F)F)(F)F)(F)F)(F)F)(F)F)(F)F)O,Peng et al.2024,DFSA,HSA,298.0,fluorescence quenching,1520.0
C(=O)(C(C(C(C(C(C(C(=O)O)(F)F)(F)F)(F)F)(F)F)(F)F)(F)F)O,Peng et al.2024,DFSA,HSA,304.0,fluorescence quenching,4930.0
C(=O)(C(C(C(C(C(C(C(=O)O)(F)F)(F)F)(F)F)(F)F)(F)F)(F)F)O,Peng et al.2024,DFSA,HSA,310.0,fluorescence quenching,20700.0
C(C(C(C(C(F)(F)S(=O)(=O)O)(F)F)(F)F)(F)F)(C(C(C(F)(F)F)(F)F)(F)F)(F)F,Sheng et al.2020,PFOS,HSA,310.0,ultrafiltration centrifugation,32573.28990228013
C(C(C(C(F)(F)Cl)(F)F)(F)F)(C(C(OC(C(F)(F)S(=O)(=O)O)(F)F)(F)F)(F)F)(F)F,Sheng et al.2020,9Cl-PF3ONS,HSA,310.0,ultrafiltration centrifugation,59880.239520958086
C(=O)(C(C(C(F)(F)F)(F)F)(F)F)O,Starnes et al.2024,PFBA,HSA,-100.0,DSF,378.7878787878788
C(=O)(C(C(C(C(C(F)(F)F)(F)F)(F)F)(F)F)(F)F)O,Starnes et al.2024,PFHxA,HSA,-100.0,DSF,584.7953216374269
C(=O)(C(C(C(C(C(C(C(F)(F)F)(F)F)(F)F)(F)F)(F)F)(F)F)(F)F)O,Starnes et al.2024,PFOA,HSA,-100.0,DSF,1265.8227848101264
C(C(C(F)(F)S(=O)(=O)O)(F)F)(C(F)(F)F)(F)F,Starnes et al.2024,PFBS,HSA,-100.0,DSF,595.2380952380953
C(C(C(C(C(F)(F)S(=O)(=O)O)(F)F)(F)F)(F)F)(C(C(C(F)(F)F)(F)F)(F)F)(F)F,Starnes et al.2024,PFOS,HSA,-100.0,DSF,1449.2753623188407
C1(C(O1)(F)F)(C(F)(F)F)F,Starnes et al.2024,HFPO-DA,HSA,-100.0,DSF,636.9426751592357
C(CS(=O)(=O)O)C(C(C(C(C(C(F)(F)F)(F)F)(F)F)(F)F)(F)F)(F)F,Starnes et al.2024,6:2 FTSA,HSA,-100.0,DSF,2439.0243902439024
C(=O)(C(C(C(F)(F)F)(F)F)(F)F)O,Starnes et al.2024,PFBA,BSA,-100.0,DSF,326.797385620915
C(=O)(C(C(C(C(C(F)(F)F)(F)F)(F)F)(F)F)(F)F)O,Starnes et al.2024,PFHxA,BSA,-100.0,DSF,460.8294930875576
C(=O)(C(C(C(C(C(C(C(F)(F)F)(F)F)(F)F)(F)F)(F)F)(F)F)(F)F)O,Starnes et al.2024,PFOA,BSA,-100.0,DSF,1010.1010101010102
C(C(C(F)(F)S(=O)(=O)O)(F)F)(C(F)(F)F)(F)F,Starnes et al.2024,PFBS,BSA,-100.0,DSF,1250.0
C(C(C(C(C(F)(F)S(=O)(=O)O)(F)F)(F)F)(F)F)(C(C(C(F)(F)F)(F)F)(F)F)(F)F,Starnes et al.2024,PFOS,BSA,-100.0,DSF,1162.7906976744187
C1(C(O1)(F)F)(C(F)(F)F)F,Starnes et al.2024,HFPO-DA,BSA,-100.0,DSF,392.15686274509807
C(CS(=O)(=O)O)C(C(C(C(C(C(F)(F)F)(F)F)(F)F)(F)F)(F)F)(F)F,Starnes et al.2024,6:2 FTSA,BSA,-100.0,DSF,719.4244604316547
C(=O)(C(C(C(F)(F)F)(F)F)(F)F)O,Starnes et al.2024,PFBA,PSA,-100.0,DSF,781.2499999999999
C(=O)(C(C(C(C(C(F)(F)F)(F)F)(F)F)(F)F)(F)F)O,Starnes et al.2024,PFHxA,PSA,-100.0,DSF,1052.6315789473683
C(=O)(C(C(C(C(C(C(C(F)(F)F)(F)F)(F)F)(F)F)(F)F)(F)F)(F)F)O,Starnes et al.2024,PFOA,PSA,-100.0,DSF,2702.702702702703
C(C(C(F)(F)S(=O)(=O)O)(F)F)(C(F)(F)F)(F)F,Starnes et al.2024,PFBS,PSA,-100.0,DSF,800.0
C(C(C(C(C(F)(F)S(=O)(=O)O)(F)F)(F)F)(F)F)(C(C(C(F)(F)F)(F)F)(F)F)(F)F,Starnes et al.2024,PFOS,PSA,-100.0,DSF,2631.578947368421
C1(C(O1)(F)F)(C(F)(F)F)F,Starnes et al.2024,HFPO-DA,PSA,-100.0,DSF,471.6981132075472
C(CS(=O)(=O)O)C(C(C(C(C(C(F)(F)F)(F)F)(F)F)(F)F)(F)F)(F)F,Starnes et al.2024,6:2 FTSA,PSA,-100.0,DSF,1923.0769230769229
C(=O)(C(C(C(F)(F)F)(F)F)(F)F)O,Starnes et al.2024,PFBA,RSA,-100.0,DSF,526.3157894736842
C(=O)(C(C(C(C(C(F)(F)F)(F)F)(F)F)(F)F)(F)F)O,Starnes et al.2024,PFHxA,RSA,-100.0,DSF,751.8796992481203
C(=O)(C(C(C(C(C(C(C(F)(F)F)(F)F)(F)F)(F)F)(F)F)(F)F)(F)F)O,Starnes et al.2024,PFOA,RSA,-100.0,DSF,2500.0
C(C(C(F)(F)S(=O)(=O)O)(F)F)(C(F)(F)F)(F)F,Starnes et al.2024,PFBS,RSA,-100.0,DSF,709.2198581560284
C(C(C(C(C(F)(F)S(=O)(=O)O)(F)F)(F)F)(F)F)(C(C(C(F)(F)F)(F)F)(F)F)(F)F,Starnes et al.2024,PFOS,RSA,-100.0,DSF,2380.952380952381
C1(C(O1)(F)F)(C(F)(F)F)F,Starnes et al.2024,HFPO-DA,RSA,-100.0,DSF,609.7560975609756
C(CS(=O)(=O)O)C(C(C(C(C(C(F)(F)F)(F)F)(F)F)(F)F)(F)F)(F)F,Starnes et al.2024,6:2 FTSA,RSA,-100.0,DSF,3030.3030303030305
C(=O)(C(C(C(F)(F)F)(F)F)(F)F)O,Chen et al.2025,PFBA,HSA,-100.0,Equilibrium dialysis,11780.0
C(=O)(C(C(C(C(F)(F)F)(F)F)(F)F)(F)F)O,Chen et al.2025,PFPeA,HSA,-100.0,Equilibrium dialysis,61460.0
C(=O)(C(C(C(C(C(F)(F)F)(F)F)(F)F)(F)F)(F)F)O,Chen et al.2025,PFHxA,HSA,-100.0,Equilibrium dialysis,71530.0
C(=O)(C(C(C(C(C(C(F)(F)F)(F)F)(F)F)(F)F)(F)F)(F)F)O,Chen et al.2025,PFHpA,HSA,-100.0,Equilibrium dialysis,161300.0
C(=O)(C(C(C(C(C(C(C(F)(F)F)(F)F)(F)F)(F)F)(F)F)(F)F)(F)F)O,Chen et al.2025,PFOA,HSA,-100.0,Equilibrium dialysis,389100.0
C(=O)(C(C(C(C(C(C(C(C(F)(F)F)(F)F)(F)F)(F)F)(F)F)(F)F)(F)F)(F)F)O,Chen et al.2025,PFNA,HSA,-100.0,Equilibrium dialysis,266700.0
C(=O)(C(C(C(C(C(C(C(C(C(F)(F)F)(F)F)(F)F)(F)F)(F)F)(F)F)(F)F)(F)F)(F)F)O,Chen et al.2025,PFDA,HSA,-100.0,Equilibrium dialysis,274700.0
C(=O)(C(C(C(C(C(C(C(C(C(C(F)(F)F)(F)F)(F)F)(F)F)(F)F)(F)F)(F)F)(F)F)(F)F)(F)F)O,Chen et al.2025,PFUnA,HSA,-100.0,Equilibrium dialysis,211400.0
C(=O)(C(C(C(C(C(C(C(C(C(C(C(F)(F)F)(F)F)(F)F)(F)F)(F)F)(F)F)(F)F)(F)F)(F)F)(F)F)(F)F)O,Chen et al.2025,PFDoA,HSA,-100.0,Equilibrium dialysis,63450.0
C(=O)(C(C(C(C(C(C(C(C(C(C(C(C(F)(F)F)(F)F)(F)F)(F)F)(F)F)(F)F)(F)F)(F)F)(F)F)(F)F)(F)F)(F)F)O,Chen et al.2025,PFTrA,HSA,-100.0,Equilibrium dialysis,31810.0
C(=O)(C(C(C(C(C(C(C(C(C(C(C(C(C(F)(F)F)(F)F)(F)F)(F)F)(F)F)(F)F)(F)F)(F)F)(F)F)(F)F)(F)F)(F)F)(F)F)O,Chen et al.2025,PFTeDA,HSA,-100.0,Equilibrium dialysis,76390.0
C(=O)(C(C(C(C(C(C(C(C(C(C(C(C(C(C(C(F)(F)F)(F)F)(F)F)(F)F)(F)F)(F)F)(F)F)(F)F)(F)F)(F)F)(F)F)(F)F)(F)F)(F)F)(F)F)O,Chen et al.2025,PFHxDA,HSA,-100.0,Equilibrium dialysis,95690.0
C(C(C(F)(F)S(=O)(=O)O)(F)F)(C(F)(F)F)(F)F,Chen et al.2025,PFBS,HSA,-100.0,Equilibrium dialysis,64100.0
C(C(C(F)(F)F)(F)F)(C(C(F)(F)S(=O)(=O)O)(F)F)(F)F,Chen et al.2025,PFPeS,HSA,-100.0,Equilibrium dialysis,58310.0
C(C(C(C(F)(F)S(=O)(=O)O)(F)F)(F)F)(C(C(F)(F)F)(F)F)(F)F,Chen et al.2025,PFHxS,HSA,-100.0,Equilibrium dialysis,763400.0
C(C(C(C(F)(F)F)(F)F)(F)F)(C(C(C(F)(F)S(=O)(=O)O)(F)F)(F)F)(F)F,Chen et al.2025,PFHpS,HSA,-100.0,Equilibrium dialysis,595200.0
C(C(C(C(C(F)(F)S(=O)(=O)O)(F)F)(F)F)(F)F)(C(C(C(F)(F)F)(F)F)(F)F)(F)F,Chen et al.2025,PFOS,HSA,-100.0,Equilibrium dialysis,1064000.0
C(C(C(C(C(F)(F)F)(F)F)(F)F)(F)F)(C(C(C(C(F)(F)S(=O)(=O)O)(F)F)(F)F)(F)F)(F)F,Chen et al.2025,PFNS,HSA,-100.0,Equilibrium dialysis,152400.0
C(C(C(C(C(C(F)(F)S(=O)(=O)O)(F)F)(F)F)(F)F)(F)F)(C(C(C(C(F)(F)F)(F)F)(F)F)(F)F)(F)F,Chen et al.2025,PFDS,HSA,-100.0,Equilibrium dialysis,531900.0
C(C(C(C(C(C(C(F)(F)S(=O)(=O)O)(F)F)(F)F)(F)F)(F)F)(F)F)(C(C(C(C(C(F)(F)F)(F)F)(F)F)(F)F)(F)F)(F)F,Chen et al.2025,PFDoS,HSA,-100.0,Equilibrium dialysis,775200.0
C(CS(=O)(=O)O)C(C(C(C(F)(F)F)(F)F)(F)F)(F)F,Chen et al.2025,4:2 FTS,HSA,-100.0,Equilibrium dialysis,52740.0
C(CS(=O)(=O)O)C(C(C(C(C(C(F)(F)F)(F)F)(F)F)(F)F)(F)F)(F)F,Chen et al.2025,6:2 FTS,HSA,-100.0,Equilibrium dialysis,413200.0
C(CS(=O)(=O)O)C(C(C(C(C(C(C(C(F)(F)F)(F)F)(F)F)(F)F)(F)F)(F)F)(F)F)(F)F,Chen et al.2025,8:2 FTS,HSA,-100.0,Equilibrium dialysis,222700.0
C(CS(=O)(=O)O)C(C(C(C(C(C(C(C(C(C(F)(F)F)(F)F)(F)F)(F)F)(F)F)(F)F)(F)F)(F)F)(F)F)(F)F,Chen et al.2025,10:2 FTS,HSA,-100.0,Equilibrium dialysis,432900.0
C(C(C(C(C(F)(F)S(=O)(=O)N)(F)F)(F)F)(F)F)(C(C(C(F)(F)F)(F)F)(F)F)(F)F,Chen et al.2025,FOSA,HSA,-100.0,Equilibrium dialysis,89450.0
CNS(=O)(=O)C(C(C(C(C(C(C(C(F)(F)F)(F)F)(F)F)(F)F)(F)F)(F)F)(F)F)(F)F,Chen et al.2025,NMeFOSA,HSA,-100.0,Equilibrium dialysis,81830.0
CCNS(=O)(=O)C(C(C(C(C(C(C(C(F)(F)F)(F)F)(F)F)(F)F)(F)F)(F)F)(F)F)(F)F,Chen et al.2025,NEtFOSA,HSA,-100.0,Equilibrium dialysis,77040.0
CN(CC(=O)O)S(=O)(=O)C(C(C(C(C(C(C(C(F)(F)F)(F)F)(F)F)(F)F)(F)F)(F)F)(F)F)(F)F,Chen et al.2025,MeFOSAA,HSA,-100.0,Equilibrium dialysis,150800.0
CCN(CC(=O)O)S(=O)(=O)C(C(C(C(C(C(C(C(F)(F)F)(F)F)(F)F)(F)F)(F)F)(F)F)(F)F)(F)F,Chen et al.2025,EtFOSAA,HSA,-100.0,Equilibrium dialysis,183800.0
C(C(=O)O)NS(=O)(=O)C(C(C(C(C(C(C(C(F)(F)F)(F)F)(F)F)(F)F)(F)F)(F)F)(F)F)(F)F,Chen et al.2025,FOSAA,HSA,-100.0,Equilibrium dialysis,135100.0
CN(CCO)S(=O)(=O)C(C(C(C(C(C(C(C(F)(F)F)(F)F)(F)F)(F)F)(F)F)(F)F)(F)F)(F)F,Chen et al.2025,NMeFOSE,HSA,-100.0,Equilibrium dialysis,170100.0
CCN(CCO)S(=O)(=O)C(C(C(C(C(C(C(C(F)(F)F)(F)F)(F)F)(F)F)(F)F)(F)F)(F)F)(F)F,Chen et al.2025,NEtFOSE,HSA,-100.0,Equilibrium dialysis,164200.0
C1(C(O1)(F)F)(C(F)(F)F)F,Chen et al.2025,HFPO-DA,HSA,-100.0,Equilibrium dialysis,152200.0
C(C(C(=O)O)(F)F)(OC(C(C(OC(F)(F)F)(F)F)(F)F)(F)F)F,Chen et al.2025,ADONA,HSA,-100.0,Equilibrium dialysis,176100.0
C(=O)(C(C(OC(F)(F)F)(F)F)(F)F)O,Chen et al.2025,PFMPA,HSA,-100.0,Equilibrium dialysis,21030.0
C(=O)(C(C(C(OC(F)(F)F)(F)F)(F)F)(F)F)O,Chen et al.2025,PFMBA,HSA,-100.0,Equilibrium dialysis,4545000.0
C(=O)(C(OC(C(OC(F)(F)F)(F)F)(F)F)(F)F)O,Chen et al.2025,NFDHA,HSA,-100.0,Equilibrium dialysis,57670.0
C(C(C(C(F)(F)Cl)(F)F)(F)F)(C(C(OC(C(F)(F)S(=O)(=O)O)(F)F)(F)F)(F)F)(F)F,Chen et al.2025,9Cl-PF3ONS,HSA,-100.0,Equilibrium dialysis,632900.0
C(C(C(C(C(F)(F)Cl)(F)F)(F)F)(F)F)(C(C(C(OC(C(F)(F)S(=O)(=O)O)(F)F)(F)F)(F)F)(F)F)(F)F,Chen et al.2025,11Cl-PF3OUdS,HSA,-100.0,Equilibrium dialysis,284100.0
C(C(F)(F)F)(OC(C(F)(F)S(=O)(=O)O)(F)F)(F)F,Chen et al.2025,PFEESA,HSA,-100.0,Equilibrium dialysis,194200.0
C(CC(C(C(C(C(C(C(F)(F)F)(F)F)(F)F)(F)F)(F)F)(F)F)(F)F)C(=O)O,Chen et al.2025,7:3 FTCA,HSA,-100.0,Equilibrium dialysis,549500.0
C(C(=O)O)C(C(C(C(C(C(F)(F)F)(F)F)(F)F)(F)F)(F)F)(F)F,Chen et al.2025,6:2 FTCA,HSA,-100.0,Equilibrium dialysis,274700.0
C(C(=O)O)C(C(C(C(C(C(C(C(F)(F)F)(F)F)(F)F)(F)F)(F)F)(F)F)(F)F)(F)F,Chen et al.2025,8:2 FTCA,HSA,-100.0,Equilibrium dialysis,502500.0
C(C(=O)O)C(C(C(C(C(C(C(C(C(C(F)(F)F)(F)F)(F)F)(F)F)(F)F)(F)F)(F)F)(F)F)(F)F)(F)F,Chen et al.2025,10:2 FTCA,HSA,-100.0,Equilibrium dialysis,110400.0
C(C(C(C(C(F)(F)Cl)(F)F)(F)F)(F)F)(C(C(C(F)(F)S(=O)(=O)O)(F)F)(F)F)(F)F,Chen et al.2025,8Cl-PFOS,HSA,-100.0,Equilibrium dialysis,1149000.0
C1(C(C(C(C(C1(F)F)(F)F)(F)S(=O)(=O)O)(F)F)(F)F)(C(C(F)(F)F)(F)F)F,Chen et al.2025,PFECHS,HSA,-100.0,Equilibrium dialysis,617300.0
C(C(C(F)(F)S(=O)(=O)N)(F)F)(C(F)(F)F)(F)F,Chen et al.2025,FBSA,HSA,-100.0,Equilibrium dialysis,179200.0
C(C(C(C(F)(F)S(=O)(=O)N)(F)F)(F)F)(C(C(F)(F)F)(F)F)(F)F,Chen et al.2025,FHxSA,HSA,-100.0,Equilibrium dialysis,325700.0
C(=C(C(C(C(C(C(F)(F)F)(F)F)(F)F)(F)F)(F)F)F)C(=O)O,Chen et al.2025,6:2 FTUCA,HSA,-100.0,Equilibrium dialysis,236400.0
C(=C(C(C(C(C(C(C(C(F)(F)F)(F)F)(F)F)(F)F)(F)F)(F)F)(F)F)F)C(=O)O,Chen et al.2025,8:2 FTUCA,HSA,-100.0,Equilibrium dialysis,442500.0
C(COP(=O)(O)OCCC(C(C(C(C(C(F)(F)F)(F)F)(F)F)(F)F)(F)F)(F)F)C(C(C(C(C(C(F)(F)F)(F)F)(F)F)(F)F)(F)F)(F)F,Chen et al.2025,6:2 diPAP,HSA,-100.0,Equilibrium dialysis,369000.0
C(COP(=O)(O)OCCC(C(C(C(C(C(C(C(F)(F)F)(F)F)(F)F)(F)F)(F)F)(F)F)(F)F)(F)F)C(C(C(C(C(C(C(C(F)(F)F)(F)F)(F)F)(F)F)(F)F)(F)F)(F)F)(F)F,Chen et al.2025,8:2 diPAP,HSA,-100.0,Equilibrium dialysis,69440.0
CCN(CCOP(=O)(O)OCCN(CC)S(=O)(=O)C(C(C(C(C(C(C(C(F)(F)F)(F)F)(F)F)(F)F)(F)F)(F)F)(F)F)(F)F)S(=O)(=O)C(C(C(C(C(C(C(C(F)(F)F)(F)F)(F)F)(F)F)(F)F)(F)F)(F)F)(F)F,Chen et al.2025,diSAmPAP,HSA,-100.0,Equilibrium dialysis,168400.0
CN(C)CCCNS(=O)(=O)C(C(C(C(C(C(F)(F)F)(F)F)(F)F)(F)F)(F)F)(F)F,Chen et al.2025,PFHxSaAm,HSA,-100.0,Equilibrium dialysis,161600.0
C[N+](C)(CCCNS(=O)(=O)CCC(C(C(C(C(C(F)(F)F)(F)F)(F)F)(F)F)(F)F)(F)F)CC(=O)[O-],Chen et al.2025,6:2 FtSaB,HSA,-100.0,Equilibrium dialysis,58930.0
C[N+](C)(C)CCCNS(=O)(=O)C(C(C(C(C(C(F)(F)F)(F)F)(F)F)(F)F)(F)F)(F)F,Chen et al.2025,N-TAmP-FHxSA,HSA,-100.0,Equilibrium dialysis,29690.0
C[N+](C)(CCCC(C(C(C(C(F)(F)F)(F)F)(F)F)(F)F)(F)F)CC(=O)[O-],Chen et al.2025,5:3 FTB,HSA,-100.0,Equilibrium dialysis,32850.0
C[N+](C)(CCC(C(C(C(C(C(F)(F)F)(F)F)(F)F)(F)F)(F)F)F)CC(=O)[O-],Chen et al.2025,5:1:2 FTB,HSA,-100.0,Equilibrium dialysis,20280.0
