SMILES,PFAS,LogKa,half_life
C(=O)(C(C(C(C(F)(F)F)(F)F)(F)F)(F)F)O,PFPeA,4.85585880279541,1.4935342756728193e-07
C(=O)(C(C(C(C(F)(F)F)(F)F)(F)F)(F)F)O,PFPeA,4.85585880279541,1.9949525509671676e-07
C(=O)(C(C(C(C(F)(F)F)(F)F)(F)F)(F)F)O,PFPeA,4.85585880279541,3.038348929270622e-07
C(=O)(C(C(C(C(F)(F)F)(F)F)(F)F)(F)F)O,PFPeA,4.85585880279541,4.836109304083774e-07
C(=O)(C(C(C(C(F)(F)F)(F)F)(F)F)(F)F)O,PFPeA,4.85585880279541,8.233622719271984e-07
C(=O)(C(C(C(C(F)(F)F)(F)F)(F)F)(F)F)O,PFPeA,4.85585880279541,8.489979408836116e-07
C(=O)(C(C(C(C(F)(F)F)(F)F)(F)F)(F)F)O,PFPeA,4.85585880279541,1.1696353447836813e-06
C(=O)(C(C(C(C(F)(F)F)(F)F)(F)F)(F)F)O,PFPeA,4.85585880279541,1.2604449925405537e-06
C(=O)(C(C(C(C(F)(F)F)(F)F)(F)F)(F)F)O,PFPeA,4.85585880279541,1.3031242265695912e-06
C(=O)(C(C(C(C(F)(F)F)(F)F)(F)F)(F)F)O,PFPeA,4.85585880279541,1.4031163882963056e-06
C(=O)(C(C(C(C(F)(F)F)(F)F)(F)F)(F)F)O,PFPeA,4.85585880279541,1.7525027263255875e-06
C(=O)(C(C(C(C(F)(F)F)(F)F)(F)F)(F)F)O,PFPeA,4.85585880279541,1.9754924126297876e-06
C(=O)(C(C(C(C(F)(F)F)(F)F)(F)F)(F)F)O,PFPeA,4.85585880279541,3.133612213128475e-06
C(=O)(C(C(C(C(F)(F)F)(F)F)(F)F)(F)F)O,PFPeA,4.85585880279541,3.964817807458263e-06
C(=O)(C(C(F)(F)F)(OC(C(C(F)(F)F)(F)F)(F)F)F)O,HFPO-DA,4.920711994171143,6.162817693077263e-06
C(=O)(C(C(F)(F)F)(OC(C(C(F)(F)F)(F)F)(F)F)F)O,HFPO-DA,4.920711994171143,8.782869316355593e-06
C(=O)(C(C(C(C(F)(F)F)(F)F)(F)F)(F)F)O,PFPeA,4.85585880279541,9.08991439137247e-06
C(=O)(C(C(C(C(F)(F)F)(F)F)(F)F)(F)F)O,PFPeA,4.85585880279541,9.822965940382456e-06
C(=O)(C(C(C(C(F)(F)F)(F)F)(F)F)(F)F)O,PFPeA,4.85585880279541,1.3282490696840739e-05
C(=O)(C(C(C(C(F)(F)F)(F)F)(F)F)(F)F)O,PFPeA,4.85585880279541,1.6218204000383456e-05
C(=O)(C(C(F)(F)F)(OC(C(C(F)(F)F)(F)F)(F)F)F)O,HFPO-DA,4.920711994171143,1.8890977347718232e-05
C(=O)(C(C(F)(F)F)(OC(C(C(F)(F)F)(F)F)(F)F)F)O,HFPO-DA,4.920711994171143,2.140228736744271e-05
C(=O)(C(C(F)(F)F)(OC(C(C(F)(F)F)(F)F)(F)F)F)O,HFPO-DA,4.920711994171143,2.4199977024894006e-05
C(=O)(C(C(C(C(F)(F)F)(F)F)(F)F)(F)F)O,PFPeA,4.85585880279541,2.9388304791522987e-05
C(=O)(C(C(C(C(F)(F)F)(F)F)(F)F)(F)F)O,PFPeA,4.85585880279541,3.1466631038201165e-05
C(=O)(C(C(C(C(F)(F)F)(F)F)(F)F)(F)F)O,PFPeA,4.85585880279541,3.6919339698876426e-05
C(=O)(C(C(C(C(F)(F)F)(F)F)(F)F)(F)F)O,PFPeA,4.85585880279541,6.724887166638036e-05
C(=O)(C(C(C(C(F)(F)F)(F)F)(F)F)(F)F)O,PFPeA,4.85585880279541,8.825797247903256e-05
C(=O)(C(C(F)(F)F)(OC(C(C(F)(F)F)(F)F)(F)F)F)O,HFPO-DA,4.920711994171143,0.00012162206833381038
C(=O)(C(C(F)(F)F)(OC(C(C(F)(F)F)(F)F)(F)F)F)O,HFPO-DA,4.920711994171143,0.0002231751432393389
C(=O)(C(C(C(C(F)(F)F)(F)F)(F)F)(F)F)O,PFPeA,4.85585880279541,0.0002704060996838572
C(=O)(C(C(C(C(F)(F)F)(F)F)(F)F)(F)F)O,PFPeA,4.85585880279541,0.00028310698139513783
C(=O)(C(C(C(C(F)(F)F)(F)F)(F)F)(F)F)O,PFPeA,4.85585880279541,0.0003434858317824937
C(=O)(C(C(F)(F)F)(OC(C(C(F)(F)F)(F)F)(F)F)F)O,HFPO-DA,4.920711994171143,0.00037869844085479534
C(=O)(C(C(F)(F)F)(OC(C(C(F)(F)F)(F)F)(F)F)F)O,HFPO-DA,4.920711994171143,0.0003992380498646896
C(=O)(C(C(F)(F)F)(OC(C(C(F)(F)F)(F)F)(F)F)F)O,HFPO-DA,4.920711994171143,0.00047303363748668435
C(=O)(C(C(F)(F)F)(OC(C(C(F)(F)F)(F)F)(F)F)F)O,HFPO-DA,4.920711994171143,0.0005735457592484651
C(=O)(C(C(F)(F)F)(OC(C(C(F)(F)F)(F)F)(F)F)F)O,HFPO-DA,4.920711994171143,0.0006615817069106575
C(=O)(C(C(F)(F)F)(OC(C(C(F)(F)F)(F)F)(F)F)F)O,HFPO-DA,4.920711994171143,0.0006900264781002105
C(=O)(C(C(F)(F)F)(OC(C(C(F)(F)F)(F)F)(F)F)F)O,HFPO-DA,4.920711994171143,0.0006945728433245597
C(=O)(C(C(F)(F)F)(OC(C(C(F)(F)F)(F)F)(F)F)F)O,HFPO-DA,4.920711994171143,0.0006972095049557563
C(=O)(C(C(F)(F)F)(OC(C(C(F)(F)F)(F)F)(F)F)F)O,HFPO-DA,4.920711994171143,0.0007923420020221962
C(=O)(C(C(F)(F)F)(OC(C(C(F)(F)F)(F)F)(F)F)F)O,HFPO-DA,4.920711994171143,0.0008802131485581893
C(=O)(C(C(F)(F)F)(OC(C(C(F)(F)F)(F)F)(F)F)F)O,HFPO-DA,4.920711994171143,0.0011802907719531894
C(=O)(C(C(F)(F)F)(OC(C(C(F)(F)F)(F)F)(F)F)F)O,HFPO-DA,4.920711994171143,0.0012018204509311413
C(=O)(C(C(F)(F)F)(OC(C(C(F)(F)F)(F)F)(F)F)F)O,HFPO-DA,4.920711994171143,0.0012576342103691892
C(=O)(C(C(F)(F)F)(OC(C(C(F)(F)F)(F)F)(F)F)F)O,HFPO-DA,4.920711994171143,0.001605445176057083
C(=O)(C(C(F)(F)F)(OC(C(C(F)(F)F)(F)F)(F)F)F)O,HFPO-DA,4.920711994171143,0.0016644122124452297
C(=O)(C(C(C(C(F)(F)F)(F)F)(F)F)(F)F)O,PFPeA,4.85585880279541,0.0018441020853429257
C(=O)(C(C(F)(F)F)(OC(C(C(F)(F)F)(F)F)(F)F)F)O,HFPO-DA,4.920711994171143,0.0018476680762330845
C(=O)(C(C(C(C(F)(F)F)(F)F)(F)F)(F)F)O,PFPeA,4.85585880279541,0.0019417850009103487
C(=O)(C(C(F)(F)F)(OC(C(C(F)(F)F)(F)F)(F)F)F)O,HFPO-DA,4.920711994171143,0.0027113878352813736
C(=O)(C(C(F)(F)F)(OC(C(C(F)(F)F)(F)F)(F)F)F)O,HFPO-DA,4.920711994171143,0.0029324213455806662
C(=O)(C(C(F)(F)F)(OC(C(C(F)(F)F)(F)F)(F)F)F)O,HFPO-DA,4.920711994171143,0.005576212053059881
C(=O)(C(C(F)(F)F)(OC(C(C(F)(F)F)(F)F)(F)F)F)O,HFPO-DA,4.920711994171143,0.006718701751523422
C(=O)(C(C(C(F)(F)F)(F)F)(F)F)O,PFBA,4.3221564292907715,0.01075440791928249
C(C(C(=O)O)(F)F)(OC(C(C(OC(F)(F)F)(F)F)(F)F)(F)F)F,DONA,5.232205867767334,0.011062045186969384
C(=O)(C(C(C(F)(F)F)(F)F)(F)F)O,PFBA,4.3221564292907715,0.011507658443657223
C(=O)(C(C(C(F)(F)F)(F)F)(F)F)O,PFBA,4.3221564292907715,0.012192620008905244
C(=O)(C(C(F)(F)F)(OC(C(C(F)(F)F)(F)F)(F)F)F)O,HFPO-DA,4.920711994171143,0.012332519654005307
C(=O)(C(C(C(F)(F)F)(F)F)(F)F)O,PFBA,4.3221564292907715,0.01243593816158849
C(=O)(C(C(C(F)(F)F)(F)F)(F)F)O,PFBA,4.3221564292907715,0.012895809995452041
C(=O)(C(C(C(F)(F)F)(F)F)(F)F)O,PFBA,4.3221564292907715,0.0129650602905476
C(C(C(=O)O)(F)F)(OC(C(C(OC(F)(F)F)(F)F)(F)F)(F)F)F,DONA,5.232205867767334,0.01347174707836542
C(=O)(C(C(C(F)(F)F)(F)F)(F)F)O,PFBA,4.3221564292907715,0.014419667799732923
C(=O)(C(C(C(F)(F)F)(F)F)(F)F)O,PFBA,4.3221564292907715,0.014592315923295452
C(=O)(C(C(C(F)(F)F)(F)F)(F)F)O,PFBA,4.3221564292907715,0.01462783028324142
C(=O)(C(C(C(F)(F)F)(F)F)(F)F)O,PFBA,4.3221564292907715,0.014759167140483245
C(=O)(C(C(C(F)(F)F)(F)F)(F)F)O,PFBA,4.3221564292907715,0.015868263917376828
C(=O)(C(C(C(F)(F)F)(F)F)(F)F)O,PFBA,4.3221564292907715,0.01695573289518628
C(=O)(C(C(C(F)(F)F)(F)F)(F)F)O,PFBA,4.3221564292907715,0.017138680341630307
C(=O)(C(C(C(F)(F)F)(F)F)(F)F)O,PFBA,4.3221564292907715,0.017746868571863833
C(=O)(C(C(C(F)(F)F)(F)F)(F)F)O,PFBA,4.3221564292907715,0.018690713277882513
C(=O)(C(C(C(F)(F)F)(F)F)(F)F)O,PFBA,4.3221564292907715,0.019740447254315813
C(=O)(C(C(F)(F)F)(OC(C(C(F)(F)F)(F)F)(F)F)F)O,HFPO-DA,4.920711994171143,0.01992887747663694
C(=O)(C(C(C(F)(F)F)(F)F)(F)F)O,PFBA,4.3221564292907715,0.020178953241787777
C(=O)(C(C(C(F)(F)F)(F)F)(F)F)O,PFBA,4.3221564292907715,0.020247082799153025
C(C(C(=O)O)(F)F)(OC(C(C(OC(F)(F)F)(F)F)(F)F)(F)F)F,DONA,5.232205867767334,0.020653295511211582
C(=O)(C(C(C(F)(F)F)(F)F)(F)F)O,PFBA,4.3221564292907715,0.021297026883788987
C(=O)(C(C(C(F)(F)F)(F)F)(F)F)O,PFBA,4.3221564292907715,0.021330300053380144
C(=O)(C(C(F)(F)F)(OC(C(C(F)(F)F)(F)F)(F)F)F)O,HFPO-DA,4.920711994171143,0.021931515880682834
C(=O)(C(C(C(F)(F)F)(F)F)(F)F)O,PFBA,4.3221564292907715,0.023038316278491486
C(=O)(C(C(C(F)(F)F)(F)F)(F)F)O,PFBA,4.3221564292907715,0.023381728712602273
C(=O)(C(C(C(F)(F)F)(F)F)(F)F)O,PFBA,4.3221564292907715,0.023742610134549695
C(=O)(C(OC(OC(OC(OC(OC(F)(F)F)(F)F)(F)F)(F)F)(F)F)(F)F)O,PFO5DoA,5.108689308166504,0.02383930300282551
C(=O)(C(C(C(F)(F)F)(F)F)(F)F)O,PFBA,4.3221564292907715,0.024026301719074758
C(=O)(C(C(C(F)(F)F)(F)F)(F)F)O,PFBA,4.3221564292907715,0.02429506540251753
C(=O)(C(C(C(F)(F)F)(F)F)(F)F)O,PFBA,4.3221564292907715,0.025929974371290795
C(=O)(C(C(C(F)(F)F)(F)F)(F)F)O,PFBA,4.3221564292907715,0.025958128437557307
C(C(C(=O)O)(F)F)(OC(C(C(OC(F)(F)F)(F)F)(F)F)(F)F)F,DONA,5.232205867767334,0.026824465477072092
C(=O)(C(C(C(F)(F)F)(F)F)(F)F)O,PFBA,4.3221564292907715,0.02738594116639876
C(=O)(C(OC(OC(OC(OC(OC(F)(F)F)(F)F)(F)F)(F)F)(F)F)(F)F)O,PFO5DoA,5.108689308166504,0.029163476011513315
C(=O)(C(C(C(C(F)(F)F)(F)F)(F)F)(F)F)O,PFPeA,4.85585880279541,0.029512750610412978
C(=O)(C(C(C(C(F)(F)F)(F)F)(F)F)(F)F)O,PFPeA,4.85585880279541,0.029820431982360174
C(C(C(=O)O)(F)F)(OC(C(C(OC(F)(F)F)(F)F)(F)F)(F)F)F,DONA,5.232205867767334,0.029834848642908387
C(=O)(C(C(C(F)(F)F)(F)F)(F)F)O,PFBA,4.3221564292907715,0.03016231557895674
C(=O)(C(OC(OC(OC(OC(OC(F)(F)F)(F)F)(F)F)(F)F)(F)F)(F)F)O,PFO5DoA,5.108689308166504,0.030628072922387423
C(C(F)(F)F)(OC(C(C(F)(F)F)(OC(C(F)(F)S(=O)(=O)O)(F)F)F)(F)F)F,Nafion-BP2,5.72323751449585,0.031139664595852004
C(=O)(C(C(C(F)(F)F)(F)F)(F)F)O,PFBA,4.3221564292907715,0.032997302902321175
C(=O)(C(C(C(C(C(F)(F)F)(F)F)(F)F)(F)F)(F)F)O,PFHxA,4.946195125579834,0.037062379313490594
C(C(F)(F)F)(OC(C(C(F)(F)F)(OC(C(F)(F)S(=O)(=O)O)(F)F)F)(F)F)F,Nafion-BP2,5.72323751449585,0.038190294251110875
C(C(C(=O)O)(F)F)(OC(C(C(OC(F)(F)F)(F)F)(F)F)(F)F)F,DONA,5.232205867767334,0.0384757916151897
C(=O)(C(C(C(C(C(F)(F)F)(F)F)(F)F)(F)F)(F)F)O,PFHxA,4.946195125579834,0.03899089366455153
C(C(C(=O)O)(F)F)(OC(C(C(OC(F)(F)F)(F)F)(F)F)(F)F)F,DONA,5.232205867767334,0.03911607727965248
C(=O)(C(C(C(C(C(F)(F)F)(F)F)(F)F)(F)F)(F)F)O,PFHxA,4.946195125579834,0.0421889125664754
C(C(C(=O)O)(F)F)(OC(C(C(OC(F)(F)F)(F)F)(F)F)(F)F)F,DONA,5.232205867767334,0.04219999015037794
C(=O)(C(OC(OC(OC(OC(OC(F)(F)F)(F)F)(F)F)(F)F)(F)F)(F)F)O,PFO5DoA,5.108689308166504,0.04293804768252388
C(C(C(=O)O)(F)F)(OC(C(C(OC(F)(F)F)(F)F)(F)F)(F)F)F,DONA,5.232205867767334,0.044334753149190956
C(C(F)(F)F)(OC(C(C(F)(F)F)(OC(C(F)(F)S(=O)(=O)O)(F)F)F)(F)F)F,Nafion-BP2,5.72323751449585,0.04469820641578188
C(C(C(=O)O)(F)F)(OC(C(C(OC(F)(F)F)(F)F)(F)F)(F)F)F,DONA,5.232205867767334,0.04563364115682352
C(C(C(=O)O)(F)F)(OC(C(C(OC(F)(F)F)(F)F)(F)F)(F)F)F,DONA,5.232205867767334,0.04786671378259316
C(C(C(=O)O)(F)F)(OC(C(C(OC(F)(F)F)(F)F)(F)F)(F)F)F,DONA,5.232205867767334,0.05020658800366253
C(C(F)(F)F)(OC(C(C(F)(F)F)(OC(C(F)(F)S(=O)(=O)O)(F)F)F)(F)F)F,Nafion-BP2,5.72323751449585,0.05171043392025181
C(=O)(C(OC(OC(OC(OC(F)(F)F)(F)F)(F)F)(F)F)(F)F)O,PFO4DA,4.925169467926025,0.05328578548721118
C(=O)(C(OC(OC(OC(OC(OC(F)(F)F)(F)F)(F)F)(F)F)(F)F)(F)F)O,PFO5DoA,5.108689308166504,0.05423719647875261
C(=O)(C(C(C(C(C(F)(F)F)(F)F)(F)F)(F)F)(F)F)O,PFHxA,4.946195125579834,0.05683499312608663
C(C(F)(F)F)(OC(C(C(F)(F)F)(OC(C(F)(F)S(=O)(=O)O)(F)F)F)(F)F)F,Nafion-BP2,5.72323751449585,0.06005533400495579
C(C(C(=O)O)(F)F)(OC(C(C(OC(F)(F)F)(F)F)(F)F)(F)F)F,DONA,5.232205867767334,0.0609469546158262
C(C(C(=O)O)(F)F)(OC(C(C(OC(F)(F)F)(F)F)(F)F)(F)F)F,DONA,5.232205867767334,0.06176055672498265
C(=O)(C(OC(OC(OC(OC(F)(F)F)(F)F)(F)F)(F)F)(F)F)O,PFO4DA,4.925169467926025,0.062491955738341716
C(C(C(=O)O)(F)F)(OC(C(C(OC(F)(F)F)(F)F)(F)F)(F)F)F,DONA,5.232205867767334,0.06495524129014656
C(=O)(C(C(C(C(C(F)(F)F)(F)F)(F)F)(F)F)(F)F)O,PFHxA,4.946195125579834,0.06648246263694264
C(C(C(=O)O)(F)F)(OC(C(C(OC(F)(F)F)(F)F)(F)F)(F)F)F,DONA,5.232205867767334,0.06698499259606153
C(C(C(=O)O)(F)F)(OC(C(C(OC(F)(F)F)(F)F)(F)F)(F)F)F,DONA,5.232205867767334,0.07313738615331901
C(=O)(C(C(C(C(C(F)(F)F)(F)F)(F)F)(F)F)(F)F)O,PFHxA,4.946195125579834,0.07684634007531767
C(=O)(C(OC(OC(OC(OC(F)(F)F)(F)F)(F)F)(F)F)(F)F)O,PFO4DA,4.925169467926025,0.07981145062081174
C(C(C(=O)O)(F)F)(OC(C(C(OC(F)(F)F)(F)F)(F)F)(F)F)F,DONA,5.232205867767334,0.08008605072410786
C(C(C(=O)O)(F)F)(OC(C(C(OC(F)(F)F)(F)F)(F)F)(F)F)F,DONA,5.232205867767334,0.08304205342564996
C(=O)(C(OC(OC(OC(OC(F)(F)F)(F)F)(F)F)(F)F)(F)F)O,PFO4DA,4.925169467926025,0.08481256165675226
C(C(C(=O)O)(F)F)(OC(C(C(OC(F)(F)F)(F)F)(F)F)(F)F)F,DONA,5.232205867767334,0.08754669804501065
C(=O)(C(OC(OC(OC(OC(OC(F)(F)F)(F)F)(F)F)(F)F)(F)F)(F)F)O,PFO5DoA,5.108689308166504,0.08862611754806264
C(=O)(C(C(C(C(C(F)(F)F)(F)F)(F)F)(F)F)(F)F)O,PFHxA,4.946195125579834,0.09167587269094021
C(=O)(C(C(C(C(C(F)(F)F)(F)F)(F)F)(F)F)(F)F)O,PFHxA,4.946195125579834,0.09181575325089726
C(C(C(=O)O)(F)F)(OC(C(C(OC(F)(F)F)(F)F)(F)F)(F)F)F,DONA,5.232205867767334,0.09272378604792456
C(=O)(C(C(C(C(C(F)(F)F)(F)F)(F)F)(F)F)(F)F)O,PFHxA,4.946195125579834,0.09286897758320682
C(C(F)(F)F)(OC(C(C(F)(F)F)(OC(C(F)(F)S(=O)(=O)O)(F)F)F)(F)F)F,Nafion-BP2,5.72323751449585,0.0931943750669393
C(C(C(=O)O)(F)F)(OC(C(C(OC(F)(F)F)(F)F)(F)F)(F)F)F,DONA,5.232205867767334,0.09608636463033313
C(=O)(C(OC(OC(OC(OC(OC(F)(F)F)(F)F)(F)F)(F)F)(F)F)(F)F)O,PFO5DoA,5.108689308166504,0.09722485997498644
C(C(F)(F)F)(OC(C(C(F)(F)F)(OC(C(F)(F)S(=O)(=O)O)(F)F)F)(F)F)F,Nafion-BP2,5.72323751449585,0.09793655405128046
C(C(F)(F)F)(OC(C(C(F)(F)F)(OC(C(F)(F)S(=O)(=O)O)(F)F)F)(F)F)F,Nafion-BP2,5.72323751449585,0.10511199983270571
C(=O)(C(C(C(C(C(F)(F)F)(F)F)(F)F)(F)F)(F)F)O,PFHxA,4.946195125579834,0.10645019201364332
C(=O)(C(C(C(C(C(F)(F)F)(F)F)(F)F)(F)F)(F)F)O,PFHxA,4.946195125579834,0.10832421201442541
C(=O)(C(OC(OC(OC(OC(F)(F)F)(F)F)(F)F)(F)F)(F)F)O,PFO4DA,4.925169467926025,0.10844502625835356
C(=O)(C(OC(OC(OC(OC(OC(F)(F)F)(F)F)(F)F)(F)F)(F)F)(F)F)O,PFO5DoA,5.108689308166504,0.10960789440164713
C(C(C(=O)O)(F)F)(OC(C(C(OC(F)(F)F)(F)F)(F)F)(F)F)F,DONA,5.232205867767334,0.11891626846469491
C(=O)(C(OC(OC(OC(OC(F)(F)F)(F)F)(F)F)(F)F)(F)F)O,PFO4DA,4.925169467926025,0.1249012599537015
C(C(F)(F)F)(OC(C(C(F)(F)F)(OC(C(F)(F)S(=O)(=O)O)(F)F)F)(F)F)F,Nafion-BP2,5.72323751449585,0.13442885120773682
C(=O)(C(OC(OC(OC(OC(OC(F)(F)F)(F)F)(F)F)(F)F)(F)F)(F)F)O,PFO5DoA,5.108689308166504,0.1364991168834233
C(=O)(C(OC(OC(OC(OC(F)(F)F)(F)F)(F)F)(F)F)(F)F)O,PFO4DA,4.925169467926025,0.14760057068279253
C(=O)(C(OC(OC(OC(OC(F)(F)F)(F)F)(F)F)(F)F)(F)F)O,PFO4DA,4.925169467926025,0.15007972907344494
C(=O)(C(C(C(C(C(F)(F)F)(F)F)(F)F)(F)F)(F)F)O,PFHxA,4.946195125579834,0.15023328185565415
C(=O)(C(C(C(C(C(F)(F)F)(F)F)(F)F)(F)F)(F)F)O,PFHxA,4.946195125579834,0.15181182156081532
C(C(C(=O)O)(F)F)(OC(C(C(OC(F)(F)F)(F)F)(F)F)(F)F)F,DONA,5.232205867767334,0.15373400313728283
C(=O)(C(C(C(C(C(F)(F)F)(F)F)(F)F)(F)F)(F)F)O,PFHxA,4.946195125579834,0.15459034512029818
C(=O)(C(OC(OC(OC(OC(F)(F)F)(F)F)(F)F)(F)F)(F)F)O,PFO4DA,4.925169467926025,0.15568264170313417
C(=O)(C(OC(OC(OC(OC(F)(F)F)(F)F)(F)F)(F)F)(F)F)O,PFO4DA,4.925169467926025,0.16043200672655053
C(=O)(C(C(C(C(C(F)(F)F)(F)F)(F)F)(F)F)(F)F)O,PFHxA,4.946195125579834,0.1619332259068944
C(C(F)(F)F)(OC(C(C(F)(F)F)(OC(C(F)(F)S(=O)(=O)O)(F)F)F)(F)F)F,Nafion-BP2,5.72323751449585,0.16297366471016345
C(=O)(C(OC(OC(OC(OC(OC(F)(F)F)(F)F)(F)F)(F)F)(F)F)(F)F)O,PFO5DoA,5.108689308166504,0.16361384029513595
C(=O)(C(OC(OC(OC(OC(F)(F)F)(F)F)(F)F)(F)F)(F)F)O,PFO4DA,4.925169467926025,0.17216838831122272
C(=O)(C(OC(OC(OC(OC(F)(F)F)(F)F)(F)F)(F)F)(F)F)O,PFO4DA,4.925169467926025,0.17796236654302292
C(=O)(C(C(C(C(C(F)(F)F)(F)F)(F)F)(F)F)(F)F)O,PFHxA,4.946195125579834,0.1784906911227986
C(=O)(C(C(C(C(C(C(F)(F)F)(F)F)(C(F)(F)F)F)(F)F)(F)F)(F)F)O,5mPFOA,5.314042091369629,0.18320727819842147
C(C(C(=O)O)(F)F)(OC(C(C(OC(F)(F)F)(F)F)(F)F)(F)F)F,DONA,5.232205867767334,0.18360081351797514
C(=O)(C(OC(OC(OC(OC(F)(F)F)(F)F)(F)F)(F)F)(F)F)O,PFO4DA,4.925169467926025,0.18612700324669385
C(C(C(=O)O)(F)F)(OC(C(C(OC(F)(F)F)(F)F)(F)F)(F)F)F,DONA,5.232205867767334,0.1949033223830213
C(=O)(C(OC(OC(OC(OC(F)(F)F)(F)F)(F)F)(F)F)(F)F)O,PFO4DA,4.925169467926025,0.197582943602497
C(=O)(C(OC(OC(OC(OC(OC(F)(F)F)(F)F)(F)F)(F)F)(F)F)(F)F)O,PFO5DoA,5.108689308166504,0.20223017242247007
C(=O)(C(C(C(C(C(F)(F)F)(F)F)(F)F)(F)F)(F)F)O,PFHxA,4.946195125579834,0.20657469180800953
C(C(F)(F)F)(OC(C(C(F)(F)F)(OC(C(F)(F)S(=O)(=O)O)(F)F)F)(F)F)F,Nafion-BP2,5.72323751449585,0.20737148888441656
C(=O)(C(C(C(C(C(F)(F)F)(F)F)(F)F)(F)F)(F)F)O,PFHxA,4.946195125579834,0.2098585954288604
C(=O)(C(C(C(C(C(F)(F)F)(F)F)(F)F)(F)F)(F)F)O,PFHxA,4.946195125579834,0.21815566633463282
C(=O)(C(OC(OC(OC(OC(OC(F)(F)F)(F)F)(F)F)(F)F)(F)F)(F)F)O,PFO5DoA,5.108689308166504,0.23339989308342307
C(C(F)(F)F)(OC(C(C(F)(F)F)(OC(C(F)(F)S(=O)(=O)O)(F)F)F)(F)F)F,Nafion-BP2,5.72323751449585,0.23457090957952006
C(=O)(C(OC(OC(OC(OC(F)(F)F)(F)F)(F)F)(F)F)(F)F)O,PFO4DA,4.925169467926025,0.2367359449784334
C(=O)(C(C(C(C(C(F)(F)F)(F)F)(F)F)(F)F)(F)F)O,PFHxA,4.946195125579834,0.2469513350350977
C(=O)(C(OC(OC(OC(OC(F)(F)F)(F)F)(F)F)(F)F)(F)F)O,PFO4DA,4.925169467926025,0.24865071411668296
C(=O)(C(OC(OC(OC(OC(F)(F)F)(F)F)(F)F)(F)F)(F)F)O,PFO4DA,4.925169467926025,0.25129051862511004
C(=O)(C(C(C(C(C(C(F)(F)F)(F)F)(C(F)(F)F)F)(F)F)(F)F)(F)F)O,5mPFOA,5.314042091369629,0.253800827218596
C(=O)(C(OC(OC(OC(OC(F)(F)F)(F)F)(F)F)(F)F)(F)F)O,PFO4DA,4.925169467926025,0.25423671191440445
C(=O)(C(OC(OC(OC(OC(F)(F)F)(F)F)(F)F)(F)F)(F)F)O,PFO4DA,4.925169467926025,0.25856733797193676
C(=O)(C(OC(OC(OC(OC(F)(F)F)(F)F)(F)F)(F)F)(F)F)O,PFO4DA,4.925169467926025,0.26193340635997847
C(=O)(C(C(C(C(C(C(F)(F)F)(F)F)(C(F)(F)F)F)(F)F)(F)F)(F)F)O,5mPFOA,5.314042091369629,0.2726825240400489
C(C(C(=O)O)(F)F)(OC(C(C(OC(F)(F)F)(F)F)(F)F)(F)F)F,DONA,5.232205867767334,0.27641574136475533
C(=O)(C(OC(OC(OC(OC(F)(F)F)(F)F)(F)F)(F)F)(F)F)O,PFO4DA,4.925169467926025,0.2768860314833609
C(=O)(C(C(C(C(C(F)(F)F)(F)F)(F)F)(F)F)(F)F)O,PFHxA,4.946195125579834,0.2811093323704942
C(=O)(C(C(C(C(C(F)(F)F)(F)F)(F)F)(F)F)(F)F)O,PFHxA,4.946195125579834,0.28507077672700126
C(=O)(C(C(C(C(C(F)(F)F)(F)F)(F)F)(F)F)(F)F)O,PFHxA,4.946195125579834,0.28586377632954685
C(C(F)(F)F)(OC(C(C(F)(F)F)(OC(C(F)(F)S(=O)(=O)O)(F)F)F)(F)F)F,Nafion-BP2,5.72323751449585,0.28946041401758904
C(=O)(C(C(C(C(C(C(F)(F)F)(F)F)(C(F)(F)F)F)(F)F)(F)F)(F)F)O,5mPFOA,5.314042091369629,0.2917168016663741
C(=O)(C(C(C(C(C(C(F)(F)F)(F)F)(C(F)(F)F)F)(F)F)(F)F)(F)F)O,5mPFOA,5.314042091369629,0.29753339239073634
C(C(F)(F)F)(OC(C(C(F)(F)F)(OC(C(F)(F)S(=O)(=O)O)(F)F)F)(F)F)F,Nafion-BP2,5.72323751449585,0.30012355625366216
C(=O)(C(C(C(C(C(F)(F)F)(F)F)(F)F)(F)F)(F)F)O,PFHxA,4.946195125579834,0.308843142274354
C(=O)(C(C(C(C(C(C(F)(F)F)(F)F)(C(F)(F)F)F)(F)F)(F)F)(F)F)O,5mPFOA,5.314042091369629,0.309819097540801
C(C(F)(F)F)(OC(C(C(F)(F)F)(OC(C(F)(F)S(=O)(=O)O)(F)F)F)(F)F)F,Nafion-BP2,5.72323751449585,0.31748052075033273
C(=O)(C(C(C(C(C(F)(F)F)(F)F)(F)F)(F)F)(F)F)O,PFHxA,4.946195125579834,0.31968732088306934
C(=O)(C(C(C(C(C(C(F)(F)F)(F)F)(C(F)(F)F)F)(F)F)(F)F)(F)F)O,5mPFOA,5.314042091369629,0.3197711304045087
C(=O)(C(C(C(C(C(F)(F)F)(F)F)(F)F)(F)F)(F)F)O,PFHxA,4.946195125579834,0.32201733973055574
C(=O)(C(C(C(C(C(C(F)(F)F)(F)F)(C(F)(F)F)F)(F)F)(F)F)(F)F)O,5mPFOA,5.314042091369629,0.3223228535673059
C(=O)(C(C(C(C(C(C(F)(F)F)(F)F)(C(F)(F)F)F)(F)F)(F)F)(F)F)O,5mPFOA,5.314042091369629,0.3233430606891224
C(C(F)(F)F)(OC(C(C(F)(F)F)(OC(C(F)(F)S(=O)(=O)O)(F)F)F)(F)F)F,Nafion-BP2,5.72323751449585,0.3267907625826255
C(C(F)(F)F)(OC(C(C(F)(F)F)(OC(C(F)(F)S(=O)(=O)O)(F)F)F)(F)F)F,Nafion-BP2,5.72323751449585,0.3313103578748323
C(=O)(C(C(C(C(C(C(F)(F)F)(F)F)(C(F)(F)F)F)(F)F)(F)F)(F)F)O,5mPFOA,5.314042091369629,0.331386406145069
C(C(F)(F)F)(OC(C(C(F)(F)F)(OC(C(F)(F)S(=O)(=O)O)(F)F)F)(F)F)F,Nafion-BP2,5.72323751449585,0.33395150584734773
C(=O)(C(C(C(C(C(F)(F)F)(F)F)(F)F)(F)F)(F)F)O,PFHxA,4.946195125579834,0.3410697887633168
C(C(F)(F)F)(OC(C(C(F)(F)F)(OC(C(F)(F)S(=O)(=O)O)(F)F)F)(F)F)F,Nafion-BP2,5.72323751449585,0.3491739730474527
C(C(C(=O)O)(F)F)(OC(C(C(OC(F)(F)F)(F)F)(F)F)(F)F)F,DONA,5.232205867767334,0.35032937079628246
C(=O)(C(OC(OC(OC(OC(OC(F)(F)F)(F)F)(F)F)(F)F)(F)F)(F)F)O,PFO5DoA,5.108689308166504,0.35319189543439955
C(=O)(C(OC(OC(OC(OC(F)(F)F)(F)F)(F)F)(F)F)(F)F)O,PFO4DA,4.925169467926025,0.360500873804746
C(=O)(C(C(C(C(C(C(F)(F)F)(F)F)(C(F)(F)F)F)(F)F)(F)F)(F)F)O,5mPFOA,5.314042091369629,0.37000612846581077
C(=O)(C(C(C(C(C(F)(F)F)(F)F)(F)F)(F)F)(F)F)O,PFHxA,4.946195125579834,0.3730703569136911
C(=O)(C(OC(OC(OC(OC(F)(F)F)(F)F)(F)F)(F)F)(F)F)O,PFO4DA,4.925169467926025,0.3774357425551693
C(=O)(C(OC(OC(OC(OC(F)(F)F)(F)F)(F)F)(F)F)(F)F)O,PFO4DA,4.925169467926025,0.38449704989753203
C(C(C(=O)O)(F)F)(OC(C(C(OC(F)(F)F)(F)F)(F)F)(F)F)F,DONA,5.232205867767334,0.38734746797571734
C(=O)(C(C(C(C(C(F)(F)F)(F)F)(F)F)(F)F)(F)F)O,PFHxA,4.946195125579834,0.3928530119417535
C(=O)(C(C(C(C(C(C(F)(F)F)(F)F)(C(F)(F)F)F)(F)F)(F)F)(F)F)O,5mPFOA,5.314042091369629,0.4044232298560753
C(C(F)(F)F)(OC(C(C(F)(F)F)(OC(C(F)(F)S(=O)(=O)O)(F)F)F)(F)F)F,Nafion-BP2,5.72323751449585,0.40719196969600496
C(=O)(C(OC(OC(OC(OC(OC(F)(F)F)(F)F)(F)F)(F)F)(F)F)(F)F)O,PFO5DoA,5.108689308166504,0.40738206349413897
C(=O)(C(OC(OC(OC(OC(F)(F)F)(F)F)(F)F)(F)F)(F)F)O,PFO4DA,4.925169467926025,0.40828327669379594
C(=O)(C(OC(OC(OC(OC(OC(F)(F)F)(F)F)(F)F)(F)F)(F)F)(F)F)O,PFO5DoA,5.108689308166504,0.4111791276298386
C(=O)(C(C(C(C(C(C(F)(F)F)(F)F)(C(F)(F)F)F)(F)F)(F)F)(F)F)O,5mPFOA,5.314042091369629,0.41215070606333487
C(=O)(C(OC(OC(OC(OC(F)(F)F)(F)F)(F)F)(F)F)(F)F)O,PFO4DA,4.925169467926025,0.4135258735538145
C(=O)(C(C(C(C(C(C(F)(F)F)(F)F)(C(F)(F)F)F)(F)F)(F)F)(F)F)O,5mPFOA,5.314042091369629,0.4135498081297678
C(C(C(=O)O)(F)F)(OC(C(C(OC(F)(F)F)(F)F)(F)F)(F)F)F,DONA,5.232205867767334,0.4300585620223034
C(=O)(C(C(C(C(C(C(F)(F)F)(F)F)(C(F)(F)F)F)(F)F)(F)F)(F)F)O,5mPFOA,5.314042091369629,0.43163879489306195
C(=O)(C(C(C(C(C(C(F)(F)F)(F)F)(C(F)(F)F)F)(F)F)(F)F)(F)F)O,5mPFOA,5.314042091369629,0.432797681196148
C(C(F)(F)F)(OC(C(C(F)(F)F)(OC(C(F)(F)S(=O)(=O)O)(F)F)F)(F)F)F,Nafion-BP2,5.72323751449585,0.43429485165354664
C(=O)(C(OC(OC(OC(OC(F)(F)F)(F)F)(F)F)(F)F)(F)F)O,PFO4DA,4.925169467926025,0.4358759382855724
C(=O)(C(OC(OC(OC(OC(F)(F)F)(F)F)(F)F)(F)F)(F)F)O,PFO4DA,4.925169467926025,0.44910563745478105
C(=O)(C(C(C(C(C(C(F)(F)F)(F)F)(C(F)(F)F)F)(F)F)(F)F)(F)F)O,5mPFOA,5.314042091369629,0.46615016169209655
C(=O)(C(OC(OC(OC(OC(OC(F)(F)F)(F)F)(F)F)(F)F)(F)F)(F)F)O,PFO5DoA,5.108689308166504,0.4748701120054842
C(=O)(C(C(C(C(C(C(F)(F)F)(F)F)(C(F)(F)F)F)(F)F)(F)F)(F)F)O,5mPFOA,5.314042091369629,0.4915287327448516
C(=O)(C(C(C(C(C(C(F)(F)F)(F)F)(C(F)(F)F)F)(F)F)(F)F)(F)F)O,5mPFOA,5.314042091369629,0.5016703764990968
C(C(F)(F)F)(OC(C(C(F)(F)F)(OC(C(F)(F)S(=O)(=O)O)(F)F)F)(F)F)F,Nafion-BP2,5.72323751449585,0.5100078712152705
C(=O)(C(C(C(C(C(C(F)(F)F)(F)F)(C(F)(F)F)F)(F)F)(F)F)(F)F)O,5mPFOA,5.314042091369629,0.5103109562220136
C(C(C(F)(F)F)(F)F)(C(C(F)(F)S(=O)(=O)O)(F)F)(F)F,PFPeS,4.869239330291748,0.5230543386665386
C(=O)(C(C(C(C(C(C(F)(F)F)(F)F)(C(F)(F)F)F)(F)F)(F)F)(F)F)O,5mPFOA,5.314042091369629,0.5272701119583614
C(=O)(C(C(C(C(C(C(F)(F)F)(F)F)(C(F)(F)F)F)(F)F)(F)F)(F)F)O,5mPFOA,5.314042091369629,0.5375815117336569
C(=O)(C(C(C(C(C(C(F)(F)F)(F)F)(C(F)(F)F)F)(F)F)(F)F)(F)F)O,5mPFOA,5.314042091369629,0.5548896531247454
C(=O)(C(OC(OC(OC(OC(F)(F)F)(F)F)(F)F)(F)F)(F)F)O,PFO4DA,4.925169467926025,0.5571839717653314
C(=O)(C(C(C(C(C(C(F)(F)F)(F)F)(C(F)(F)F)F)(F)F)(F)F)(F)F)O,5mPFOA,5.314042091369629,0.5681464694561541
C(C(F)(F)F)(OC(C(C(F)(F)F)(OC(C(F)(F)S(=O)(=O)O)(F)F)F)(F)F)F,Nafion-BP2,5.72323751449585,0.5703690363301273
C(C(C(F)(F)F)(F)F)(C(C(F)(F)S(=O)(=O)O)(F)F)(F)F,PFPeS,4.869239330291748,0.5740891986245701
C(C(C(F)(F)F)(F)F)(C(C(F)(F)S(=O)(=O)O)(F)F)(F)F,PFPeS,4.869239330291748,0.5790997726378974
C(=O)(C(OC(OC(OC(OC(OC(F)(F)F)(F)F)(F)F)(F)F)(F)F)(F)F)O,PFO5DoA,5.108689308166504,0.5860145566363677
C(=O)(C(C(C(C(C(C(F)(F)F)(F)F)(C(F)(F)F)F)(F)F)(F)F)(F)F)O,5mPFOA,5.314042091369629,0.5958240185964281
C(C(C(F)(F)F)(F)F)(C(C(F)(F)S(=O)(=O)O)(F)F)(F)F,PFPeS,4.869239330291748,0.6016197641945573
C(=O)(C(C(C(C(C(C(F)(F)F)(F)F)(C(F)(F)F)F)(F)F)(F)F)(F)F)O,5mPFOA,5.314042091369629,0.6050749307642633
C(=O)(C(C(C(C(C(C(F)(F)F)(F)F)(C(F)(F)F)F)(F)F)(F)F)(F)F)O,5mPFOA,5.314042091369629,0.6134300902620294
C(=O)(C(C(C(C(C(C(F)(F)F)(F)F)(C(F)(F)F)F)(F)F)(F)F)(F)F)O,5mPFOA,5.314042091369629,0.6182205828821479
C(=O)(C(C(C(C(C(C(F)(F)F)(F)F)(C(F)(F)F)F)(F)F)(F)F)(F)F)O,5mPFOA,5.314042091369629,0.6260822407380504
C(C(F)(F)F)(OC(C(C(F)(F)F)(OC(C(F)(F)S(=O)(=O)O)(F)F)F)(F)F)F,Nafion-BP2,5.72323751449585,0.6370683380069687
C(=O)(C(C(C(C(C(C(F)(F)F)(F)F)(C(F)(F)F)F)(F)F)(F)F)(F)F)O,5mPFOA,5.314042091369629,0.6556282170431218
C(C(F)(F)F)(OC(C(C(F)(F)F)(OC(C(F)(F)S(=O)(=O)O)(F)F)F)(F)F)F,Nafion-BP2,5.72323751449585,0.6725851246488838
C(=O)(C(C(C(C(C(C(C(F)(F)F)(F)F)(F)F)(F)F)(F)F)(F)F)(F)F)O,PFOA,5.382719993591309,0.6767495620277875
C(C(C(F)(F)F)(F)F)(C(C(F)(F)S(=O)(=O)O)(F)F)(F)F,PFPeS,4.869239330291748,0.684366090545142
C(C(F)(F)F)(OC(C(C(F)(F)F)(OC(C(F)(F)S(=O)(=O)O)(F)F)F)(F)F)F,Nafion-BP2,5.72323751449585,0.6859167720059448
C(=O)(C(C(C(C(C(C(C(C(C(C(C(F)(F)F)(F)F)(F)F)(F)F)(F)F)(F)F)(F)F)(F)F)(F)F)(F)F)(F)F)O,PFDoA,4.8039374351501465,0.6893482938359861
C(=O)(C(C(C(C(C(C(C(C(C(C(C(F)(F)F)(F)F)(F)F)(F)F)(F)F)(F)F)(F)F)(F)F)(F)F)(F)F)(F)F)O,PFDoA,4.8039374351501465,0.6907880243774066
C(=O)(C(C(C(C(C(C(C(C(C(C(C(F)(F)F)(F)F)(F)F)(F)F)(F)F)(F)F)(F)F)(F)F)(F)F)(F)F)(F)F)O,PFDoA,4.8039374351501465,0.7012371325769667
C(=O)(C(C(C(C(C(C(C(F)(F)F)(F)F)(F)F)(F)F)(F)F)(F)F)(F)F)O,PFOA,5.382719993591309,0.7083021581456144
C(C(C(F)(F)F)(F)F)(C(C(F)(F)S(=O)(=O)O)(F)F)(F)F,PFPeS,4.869239330291748,0.7099732523230622
C(=O)(C(C(C(C(C(C(C(C(C(C(C(F)(F)F)(F)F)(F)F)(F)F)(F)F)(F)F)(F)F)(F)F)(F)F)(F)F)(F)F)O,PFDoA,4.8039374351501465,0.7207385070175717
C(=O)(C(C(C(C(C(C(C(C(C(C(C(F)(F)F)(F)F)(F)F)(F)F)(F)F)(F)F)(F)F)(F)F)(F)F)(F)F)(F)F)O,PFDoA,4.8039374351501465,0.7262179853479939
C(=O)(C(C(C(C(C(C(C(C(C(C(C(F)(F)F)(F)F)(F)F)(F)F)(F)F)(F)F)(F)F)(F)F)(F)F)(F)F)(F)F)O,PFDoA,4.8039374351501465,0.7317714226422097
C(C(C(F)(F)F)(F)F)(C(C(F)(F)S(=O)(=O)O)(F)F)(F)F,PFPeS,4.869239330291748,0.7335121310180016
C(=O)(C(C(C(C(C(C(C(C(C(C(C(F)(F)F)(F)F)(F)F)(F)F)(F)F)(F)F)(F)F)(F)F)(F)F)(F)F)(F)F)O,PFDoA,4.8039374351501465,0.7350016814059771
C(C(C(F)(F)F)(F)F)(C(C(F)(F)S(=O)(=O)O)(F)F)(F)F,PFPeS,4.869239330291748,0.7368451108591932
C(=O)(C(C(C(C(C(C(C(C(C(C(C(F)(F)F)(F)F)(F)F)(F)F)(F)F)(F)F)(F)F)(F)F)(F)F)(F)F)(F)F)O,PFDoA,4.8039374351501465,0.7526764605746709
C(=O)(C(OC(OC(OC(OC(F)(F)F)(F)F)(F)F)(F)F)(F)F)O,PFO4DA,4.925169467926025,0.7526947745605864
C(C(C(C(C(C(F)(F)S(=O)(=O)O)(F)F)(F)F)(F)F)(F)F)(C(F)(F)F)(C(F)(F)F)F,6mPFOS,5.853418350219727,0.7559630116089724
C(=O)(C(C(C(C(C(C(C(C(C(C(C(F)(F)F)(F)F)(F)F)(F)F)(F)F)(F)F)(F)F)(F)F)(F)F)(F)F)(F)F)O,PFDoA,4.8039374351501465,0.7675353890522811
C(C(C(F)(F)F)(F)F)(C(C(F)(F)S(=O)(=O)O)(F)F)(F)F,PFPeS,4.869239330291748,0.7725638125425848
C(=O)(C(C(C(C(C(C(C(C(C(C(C(F)(F)F)(F)F)(F)F)(F)F)(F)F)(F)F)(F)F)(F)F)(F)F)(F)F)(F)F)O,PFDoA,4.8039374351501465,0.7726814045256425
C(=O)(C(C(C(C(C(C(C(C(C(C(C(F)(F)F)(F)F)(F)F)(F)F)(F)F)(F)F)(F)F)(F)F)(F)F)(F)F)(F)F)O,PFDoA,4.8039374351501465,0.7765503897938346
C(=O)(C(C(C(C(C(C(C(C(C(C(C(F)(F)F)(F)F)(F)F)(F)F)(F)F)(F)F)(F)F)(F)F)(F)F)(F)F)(F)F)O,PFDoA,4.8039374351501465,0.7784821869868189
C(=O)(C(C(C(C(C(C(C(C(C(C(C(F)(F)F)(F)F)(F)F)(F)F)(F)F)(F)F)(F)F)(F)F)(F)F)(F)F)(F)F)O,PFDoA,4.8039374351501465,0.7796204441544697
C(=O)(C(C(C(C(C(C(C(F)(F)F)(F)F)(F)F)(F)F)(F)F)(F)F)(F)F)O,PFOA,5.382719993591309,0.7809230287067961
C(=O)(C(C(C(C(C(C(C(C(C(C(C(F)(F)F)(F)F)(F)F)(F)F)(F)F)(F)F)(F)F)(F)F)(F)F)(F)F)(F)F)O,PFDoA,4.8039374351501465,0.7826711760237606
C(=O)(C(C(C(C(C(C(C(C(C(C(C(F)(F)F)(F)F)(F)F)(F)F)(F)F)(F)F)(F)F)(F)F)(F)F)(F)F)(F)F)O,PFDoA,4.8039374351501465,0.7840788944193269
C(=O)(C(C(C(C(C(C(C(C(C(C(C(F)(F)F)(F)F)(F)F)(F)F)(F)F)(F)F)(F)F)(F)F)(F)F)(F)F)(F)F)O,PFDoA,4.8039374351501465,0.7963064231276854
C(=O)(C(C(C(C(C(C(C(C(C(C(C(F)(F)F)(F)F)(F)F)(F)F)(F)F)(F)F)(F)F)(F)F)(F)F)(F)F)(F)F)O,PFDoA,4.8039374351501465,0.798859760664695
C(C(C(F)(F)F)(F)F)(C(C(F)(F)S(=O)(=O)O)(F)F)(F)F,PFPeS,4.869239330291748,0.8045690601147683
C(=O)(C(C(C(C(C(C(C(C(C(C(C(F)(F)F)(F)F)(F)F)(F)F)(F)F)(F)F)(F)F)(F)F)(F)F)(F)F)(F)F)O,PFDoA,4.8039374351501465,0.8058463275563659
C(C(C(F)(F)F)(F)F)(C(C(F)(F)S(=O)(=O)O)(F)F)(F)F,PFPeS,4.869239330291748,0.8135686344623458
C(C(C(F)(F)F)(F)F)(C(C(F)(F)S(=O)(=O)O)(F)F)(F)F,PFPeS,4.869239330291748,0.8190188663323108
C(=O)(C(C(C(C(C(C(C(C(C(C(C(F)(F)F)(F)F)(F)F)(F)F)(F)F)(F)F)(F)F)(F)F)(F)F)(F)F)(F)F)O,PFDoA,4.8039374351501465,0.820511722696258
C(=O)(C(C(C(C(C(C(C(C(C(C(C(F)(F)F)(F)F)(F)F)(F)F)(F)F)(F)F)(F)F)(F)F)(F)F)(F)F)(F)F)O,PFDoA,4.8039374351501465,0.8253284538514924
C(C(C(F)(F)F)(F)F)(C(C(F)(F)S(=O)(=O)O)(F)F)(F)F,PFPeS,4.869239330291748,0.8262590045267723
C(=O)(C(C(C(C(C(C(C(C(C(C(C(F)(F)F)(F)F)(F)F)(F)F)(F)F)(F)F)(F)F)(F)F)(F)F)(F)F)(F)F)O,PFDoA,4.8039374351501465,0.8263634756170802
C(=O)(C(C(C(C(C(F)(F)F)(F)F)(F)F)(F)F)(F)F)O,PFHxA,4.946195125579834,0.8421373292850103
C(=O)(C(C(C(C(C(C(C(C(C(C(C(F)(F)F)(F)F)(F)F)(F)F)(F)F)(F)F)(F)F)(F)F)(F)F)(F)F)(F)F)O,PFDoA,4.8039374351501465,0.845060278630892
C(=O)(C(C(C(C(C(C(C(F)(F)F)(F)F)(F)F)(F)F)(F)F)(F)F)(F)F)O,PFOA,5.382719993591309,0.8594430698226287
C(=O)(C(C(C(C(C(C(C(C(C(C(C(F)(F)F)(F)F)(F)F)(F)F)(F)F)(F)F)(F)F)(F)F)(F)F)(F)F)(F)F)O,PFDoA,4.8039374351501465,0.8648884437932117
C(=O)(C(C(C(C(C(C(C(C(C(C(C(F)(F)F)(F)F)(F)F)(F)F)(F)F)(F)F)(F)F)(F)F)(F)F)(F)F)(F)F)O,PFDoA,4.8039374351501465,0.868366037241885
C(=O)(C(C(C(C(C(C(C(C(C(C(C(F)(F)F)(F)F)(F)F)(F)F)(F)F)(F)F)(F)F)(F)F)(F)F)(F)F)(F)F)O,PFDoA,4.8039374351501465,0.8750154379850488
C(=O)(C(C(C(C(C(C(C(C(C(C(C(F)(F)F)(F)F)(F)F)(F)F)(F)F)(F)F)(F)F)(F)F)(F)F)(F)F)(F)F)O,PFDoA,4.8039374351501465,0.8815563359330636
C(=O)(C(C(C(C(C(C(C(C(C(C(C(F)(F)F)(F)F)(F)F)(F)F)(F)F)(F)F)(F)F)(F)F)(F)F)(F)F)(F)F)O,PFDoA,4.8039374351501465,0.8836125382157054
C(=O)(C(C(C(C(C(C(C(C(C(C(C(F)(F)F)(F)F)(F)F)(F)F)(F)F)(F)F)(F)F)(F)F)(F)F)(F)F)(F)F)O,PFDoA,4.8039374351501465,0.8902351288673078
C(=O)(C(C(C(C(C(C(C(C(C(C(C(F)(F)F)(F)F)(F)F)(F)F)(F)F)(F)F)(F)F)(F)F)(F)F)(F)F)(F)F)O,PFDoA,4.8039374351501465,0.9012990517957528
C(C(C(F)(F)F)(F)F)(C(C(F)(F)S(=O)(=O)O)(F)F)(F)F,PFPeS,4.869239330291748,0.918162639642559
C(C(C(F)(F)F)(F)F)(C(C(F)(F)S(=O)(=O)O)(F)F)(F)F,PFPeS,4.869239330291748,0.9235094522728549
C(C(C(F)(F)F)(F)F)(C(C(F)(F)S(=O)(=O)O)(F)F)(F)F,PFPeS,4.869239330291748,0.9252288680882158
C(C(C(F)(F)F)(F)F)(C(C(F)(F)S(=O)(=O)O)(F)F)(F)F,PFPeS,4.869239330291748,0.9532327820345791
C(=O)(C(OC(OC(OC(OC(OC(F)(F)F)(F)F)(F)F)(F)F)(F)F)(F)F)O,PFO5DoA,5.108689308166504,0.9588753702774611
C(=O)(C(C(C(C(C(C(C(C(C(C(C(F)(F)F)(F)F)(F)F)(F)F)(F)F)(F)F)(F)F)(F)F)(F)F)(F)F)(F)F)O,PFDoA,4.8039374351501465,0.9742049427071877
C(C(C(F)(F)F)(F)F)(C(C(F)(F)S(=O)(=O)O)(F)F)(F)F,PFPeS,4.869239330291748,0.9992128529405351
C(C(C(F)(F)F)(F)F)(C(C(F)(F)S(=O)(=O)O)(F)F)(F)F,PFPeS,4.869239330291748,1.0000723101336029
C(=O)(C(OC(OC(OC(OC(OC(F)(F)F)(F)F)(F)F)(F)F)(F)F)(F)F)O,PFO5DoA,5.108689308166504,1.004999681404962
C(=O)(C(C(C(C(C(C(C(F)(F)F)(F)F)(F)F)(F)F)(F)F)(F)F)(F)F)O,PFOA,5.382719993591309,1.0462731066128237
C(=O)(C(C(C(C(C(C(C(F)(F)F)(F)F)(F)F)(F)F)(F)F)(F)F)(F)F)O,PFOA,5.382719993591309,1.0520717920177596
C(C(C(F)(F)F)(F)F)(C(C(F)(F)S(=O)(=O)O)(F)F)(F)F,PFPeS,4.869239330291748,1.0928207740945264
C(C(C(F)(F)F)(F)F)(C(C(F)(F)S(=O)(=O)O)(F)F)(F)F,PFPeS,4.869239330291748,1.1083193695436497
C(C(C(F)(F)F)(F)F)(C(C(F)(F)S(=O)(=O)O)(F)F)(F)F,PFPeS,4.869239330291748,1.1195754808343228
C(C(C(F)(F)F)(F)F)(C(C(F)(F)S(=O)(=O)O)(F)F)(F)F,PFPeS,4.869239330291748,1.1206183136394554
C(=O)(C(C(C(C(C(C(C(F)(F)F)(F)F)(F)F)(F)F)(F)F)(F)F)(F)F)O,PFOA,5.382719993591309,1.1282732486093354
C(=O)(C(C(C(C(C(C(C(F)(F)F)(F)F)(F)F)(F)F)(F)F)(F)F)(F)F)O,PFOA,5.382719993591309,1.1468277825047788
C(C(C(F)(F)F)(F)F)(C(C(F)(F)S(=O)(=O)O)(F)F)(F)F,PFPeS,4.869239330291748,1.1632400358216584
C(=O)(C(C(C(C(C(C(C(F)(F)F)(F)F)(F)F)(F)F)(F)F)(F)F)(F)F)O,PFOA,5.382719993591309,1.1746024442318646
C(=O)(C(C(C(C(C(C(C(F)(F)F)(F)F)(F)F)(F)F)(F)F)(F)F)(F)F)O,PFOA,5.382719993591309,1.202481917959772
C(C(C(F)(F)F)(F)F)(C(C(F)(F)S(=O)(=O)O)(F)F)(F)F,PFPeS,4.869239330291748,1.2037771609926111
C(=O)(C(C(C(C(C(C(C(F)(F)F)(F)F)(F)F)(F)F)(F)F)(F)F)(F)F)O,PFOA,5.382719993591309,1.2393961443036863
C(C(C(C(C(C(F)(F)S(=O)(=O)O)(F)F)(F)F)(F)F)(F)F)(C(F)(F)F)(C(F)(F)F)F,6mPFOS,5.853418350219727,1.2460638912041928
C(C(C(F)(F)F)(F)F)(C(C(F)(F)S(=O)(=O)O)(F)F)(F)F,PFPeS,4.869239330291748,1.254626712057892
C(C(C(C(C(F)(F)F)(F)S(=O)(=O)O)(F)F)(F)F)(C(C(C(F)(F)F)(F)F)(F)F)(F)F,1mPFOS,5.8139753341674805,1.2918620908373066
C(C(C(F)(F)F)(F)F)(C(C(F)(F)S(=O)(=O)O)(F)F)(F)F,PFPeS,4.869239330291748,1.2934758845977319
C(=O)(C(C(C(C(C(C(C(F)(F)F)(F)F)(F)F)(F)F)(F)F)(F)F)(F)F)O,PFOA,5.382719993591309,1.324834992025452
C(C(C(C(C(C(F)(F)S(=O)(=O)O)(F)F)(F)F)(F)F)(F)F)(C(F)(F)F)(C(F)(F)F)F,6mPFOS,5.853418350219727,1.3305990874241713
C(C(C(C(C(F)(F)F)(F)S(=O)(=O)O)(F)F)(F)F)(C(C(C(F)(F)F)(F)F)(F)F)(F)F,1mPFOS,5.8139753341674805,1.3380215565266498
C(C(C(C(C(C(F)(F)S(=O)(=O)O)(F)F)(F)F)(F)F)(F)F)(C(F)(F)F)(C(F)(F)F)F,6mPFOS,5.853418350219727,1.360108586255844
C(C(C(C(F)(F)F)(F)F)(F)F)(C(C(C(F)(F)S(=O)(=O)O)(F)F)(F)F)(C(F)(F)F)F,4mPFOS,5.8139753341674805,1.391793359218555
C(C(C(C(C(F)(F)S(=O)(=O)O)(F)F)(F)F)(F)F)(C(C(C(F)(F)F)(F)F)(F)F)(F)F,PFOS,5.895376205444336,1.392512123398585
C(=O)(C(C(C(C(C(C(C(F)(F)F)(F)F)(F)F)(F)F)(F)F)(F)F)(F)F)O,PFOA,5.382719993591309,1.3978021486499486
C(C(C(F)(F)F)(F)F)(C(C(F)(F)S(=O)(=O)O)(F)F)(F)F,PFPeS,4.869239330291748,1.4138764171349585
C(=O)(C(OC(OC(OC(OC(OC(F)(F)F)(F)F)(F)F)(F)F)(F)F)(F)F)O,PFO5DoA,5.108689308166504,1.447561620959346
C(C(C(C(C(C(F)(F)S(=O)(=O)O)(F)F)(F)F)(F)F)(F)F)(C(F)(F)F)(C(F)(F)F)F,6mPFOS,5.853418350219727,1.4701721395949732
C(C(C(C(C(C(F)(F)S(=O)(=O)O)(F)F)(F)F)(F)F)(F)F)(C(F)(F)F)(C(F)(F)F)F,6mPFOS,5.853418350219727,1.5202798925158119
C(C(C(C(F)(F)F)(F)F)(F)F)(C(C(C(F)(F)S(=O)(=O)O)(F)F)(F)F)(C(F)(F)F)F,4mPFOS,5.8139753341674805,1.5397689460037984
C(C(C(F)(F)F)(C(F)(F)F)F)(C(C(C(F)(F)S(=O)(=O)O)(F)F)(F)F)(C(F)(F)F)F,"4,5dm-PFOS",5.853418350219727,1.5523404673144459
C(C(C(C(C(C(F)(F)S(=O)(=O)O)(F)F)(F)F)(F)F)(F)F)(C(F)(F)F)(C(F)(F)F)F,6mPFOS,5.853418350219727,1.560856178434056
C(C(C(C(F)(F)F)(F)F)(F)F)(C(C(C(F)(F)S(=O)(=O)O)(F)F)(F)F)(C(F)(F)F)F,4mPFOS,5.8139753341674805,1.5938739357896203
C(C(F)(F)F)(OC(C(C(F)(F)F)(OC(C(F)(F)S(=O)(=O)O)(F)F)F)(F)F)F,Nafion-BP2,5.72323751449585,1.6212381356152104
C(C(C(F)(F)F)(F)F)(C(C(F)(F)S(=O)(=O)O)(F)F)(F)F,PFPeS,4.869239330291748,1.6514324545814756
C(C(C(F)(F)F)(C(F)(F)F)F)(C(C(C(F)(F)S(=O)(=O)O)(F)F)(F)F)(C(F)(F)F)F,"4,5dm-PFOS",5.853418350219727,1.6521091501381826
C(=O)(C(C(C(C(C(C(C(F)(F)F)(F)F)(F)F)(F)F)(F)F)(F)F)(F)F)O,PFOA,5.382719993591309,1.6524902546607492
C(=O)(C(C(C(C(C(C(C(F)(F)F)(F)F)(F)F)(F)F)(F)F)(F)F)(F)F)O,PFOA,5.382719993591309,1.658946136284057
C(=O)(C(OC(OC(OC(OC(OC(F)(F)F)(F)F)(F)F)(F)F)(F)F)(F)F)O,PFO5DoA,5.108689308166504,1.6879118466609009
C(=O)(C(OC(OC(OC(OC(OC(F)(F)F)(F)F)(F)F)(F)F)(F)F)(F)F)O,PFO5DoA,5.108689308166504,1.7909718001801571
C(=O)(C(C(C(C(C(C(C(F)(F)F)(F)F)(F)F)(F)F)(F)F)(F)F)(F)F)O,PFOA,5.382719993591309,1.7944472755355048
C(=O)(C(C(C(C(C(C(C(F)(F)F)(F)F)(F)F)(F)F)(F)F)(F)F)(F)F)O,PFOA,5.382719993591309,1.842891668988944
C(C(C(C(F)(F)F)(F)F)(F)F)(C(C(C(F)(F)S(=O)(=O)O)(F)F)(F)F)(F)F,PFHpS,5.7382307052612305,1.8498162650205796
C(C(C(C(C(C(F)(F)S(=O)(=O)O)(F)F)(F)F)(F)F)(F)F)(C(F)(F)F)(C(F)(F)F)F,6mPFOS,5.853418350219727,1.8509756112668156
C(C(C(C(C(C(F)(F)S(=O)(=O)O)(F)F)(F)F)(F)F)(F)F)(C(F)(F)F)(C(F)(F)F)F,6mPFOS,5.853418350219727,1.8617978858075037
C(=O)(C(C(C(C(C(C(C(C(F)(F)F)(F)F)(F)F)(F)F)(F)F)(F)F)(F)F)(F)F)O,PFNA,5.445358753204346,1.8729890653474561
C(=O)(C(C(C(C(C(C(C(C(C(F)(F)F)(F)F)(F)F)(F)F)(F)F)(F)F)(F)F)(F)F)(F)F)O,PFDA,5.391226291656494,1.8776477003152778
C(C(C(C(F)(F)S(=O)(=O)O)(F)F)(F)F)(C(C(F)(F)F)(F)F)(F)F,PFHxS,5.732048511505127,1.881904748780416
C(C(C(C(F)(F)F)(F)F)(F)F)(C(C(C(F)(F)S(=O)(=O)O)(F)F)(F)F)(C(F)(F)F)F,4mPFOS,5.8139753341674805,1.8997083076845798
C(C(C(F)(F)F)(F)F)(C(C(F)(F)S(=O)(=O)O)(F)F)(F)F,PFPeS,4.869239330291748,1.905674423254386
C(=O)(C(C(C(C(C(C(C(C(F)(F)F)(F)F)(F)F)(F)F)(F)F)(F)F)(F)F)(F)F)O,PFNA,5.445358753204346,1.9194380072605992
C(C(C(C(C(C(F)(F)S(=O)(=O)O)(F)F)(F)F)(F)F)(F)F)(C(F)(F)F)(C(F)(F)F)F,6mPFOS,5.853418350219727,1.9489984433352738
C(=O)(C(C(C(C(C(C(C(F)(F)F)(F)F)(F)F)(F)F)(F)F)(F)F)(F)F)O,PFOA,5.382719993591309,1.9535649875225616
C(C(C(C(C(C(F)(F)S(=O)(=O)O)(F)F)(F)F)(F)F)(F)F)(C(F)(F)F)(C(F)(F)F)F,6mPFOS,5.853418350219727,1.9708045279214672
C(C(C(C(C(C(F)(F)S(=O)(=O)O)(F)F)(F)F)(F)F)(F)F)(C(F)(F)F)(C(F)(F)F)F,6mPFOS,5.853418350219727,1.987049055778144
C(=O)(C(OC(OC(OC(OC(OC(F)(F)F)(F)F)(F)F)(F)F)(F)F)(F)F)O,PFO5DoA,5.108689308166504,1.9998510701865546
C(C(C(C(C(C(F)(F)S(=O)(=O)O)(F)F)(F)F)(F)F)(F)F)(C(F)(F)F)(C(F)(F)F)F,6mPFOS,5.853418350219727,2.017197431166916
C(C(C(C(F)(F)F)(F)F)(F)F)(C(C(C(F)(F)S(=O)(=O)O)(F)F)(F)F)(F)F,PFHpS,5.7382307052612305,2.0310190243386463
C(=O)(C(C(C(C(C(C(C(F)(F)F)(F)F)(F)F)(F)F)(F)F)(F)F)(F)F)O,PFOA,5.382719993591309,2.0479461619997568
C(C(C(C(F)(F)F)(F)F)(F)F)(C(C(C(F)(F)S(=O)(=O)O)(F)F)(F)F)(F)F,PFHpS,5.7382307052612305,2.053675960208549
C(=O)(C(C(C(C(C(C(C(C(F)(F)F)(F)F)(F)F)(F)F)(F)F)(F)F)(F)F)(F)F)O,PFNA,5.445358753204346,2.0550160426832806
C(C(C(C(F)(F)F)(F)F)(F)F)(C(C(C(F)(F)S(=O)(=O)O)(F)F)(F)F)(C(F)(F)F)F,4mPFOS,5.8139753341674805,2.1226917601365978
C(C(C(C(C(C(F)(F)S(=O)(=O)O)(F)F)(F)F)(F)F)(F)F)(C(F)(F)F)(C(F)(F)F)F,6mPFOS,5.853418350219727,2.140618100254367
C(C(C(C(F)(F)F)(F)F)(F)F)(C(C(C(F)(F)S(=O)(=O)O)(F)F)(F)F)(F)F,PFHpS,5.7382307052612305,2.2007077085489315
C(C(C(C(C(F)(F)S(=O)(=O)O)(F)F)(F)F)(F)F)(C(C(C(F)(F)F)(F)F)(F)F)(F)F,PFOS,5.895376205444336,2.2317856003654675
C(C(C(C(C(F)(F)S(=O)(=O)O)(F)F)(F)F)(F)F)(C(C(C(F)(F)F)(F)F)(F)F)(F)F,PFOS,5.895376205444336,2.235713375034526
C(C(C(C(F)(F)F)(F)F)(F)F)(C(C(C(F)(F)S(=O)(=O)O)(F)F)(F)F)(F)F,PFHpS,5.7382307052612305,2.2385146521260197
C(C(C(C(F)(F)F)(F)F)(F)F)(C(C(C(F)(F)S(=O)(=O)O)(F)F)(F)F)(C(F)(F)F)F,4mPFOS,5.8139753341674805,2.240809564163451
C(=O)(C(C(C(C(C(C(C(C(C(F)(F)F)(F)F)(F)F)(F)F)(F)F)(F)F)(F)F)(F)F)(F)F)O,PFDA,5.391226291656494,2.2478004448558795
C(C(C(C(C(F)(F)S(=O)(=O)O)(F)F)(F)F)(F)F)(C(C(C(F)(F)F)(F)F)(F)F)(F)F,PFOS,5.895376205444336,2.261118757746842
C(C(C(C(C(F)(F)F)(F)S(=O)(=O)O)(F)F)(F)F)(C(C(C(F)(F)F)(F)F)(F)F)(F)F,1mPFOS,5.8139753341674805,2.3190508115636668
C(=O)(C(C(C(C(C(C(C(C(F)(F)F)(F)F)(F)F)(F)F)(F)F)(F)F)(F)F)(F)F)O,PFNA,5.445358753204346,2.3225368261891357
C(=O)(C(C(C(C(C(C(C(F)(F)F)(F)F)(F)F)(F)F)(F)F)(F)F)(F)F)O,PFOA,5.382719993591309,2.3240705807417332
C(C(C(C(F)(F)F)(F)F)(F)F)(C(C(C(F)(F)S(=O)(=O)O)(F)F)(F)F)(F)F,PFHpS,5.7382307052612305,2.3928799426691563
C(C(F)(F)F)(OC(C(C(F)(F)F)(OC(C(F)(F)S(=O)(=O)O)(F)F)F)(F)F)F,Nafion-BP2,5.72323751449585,2.411483766344423
C(=O)(C(C(C(C(C(C(C(C(F)(F)F)(F)F)(F)F)(F)F)(F)F)(F)F)(F)F)(F)F)O,PFNA,5.445358753204346,2.4181746447983796
C(C(C(C(F)(F)S(=O)(=O)O)(F)F)(F)F)(C(C(F)(F)F)(F)F)(F)F,PFHxS,5.732048511505127,2.4372906530439473
C(C(C(C(F)(F)F)(F)F)(F)F)(C(C(C(F)(F)S(=O)(=O)O)(F)F)(F)F)(C(F)(F)F)F,4mPFOS,5.8139753341674805,2.4619605957001576
C(C(C(F)(F)F)(C(F)(F)F)F)(C(C(C(F)(F)S(=O)(=O)O)(F)F)(F)F)(C(F)(F)F)F,"4,5dm-PFOS",5.853418350219727,2.467560431480342
C(C(C(C(C(C(F)(F)S(=O)(=O)O)(F)F)(F)F)(F)F)(F)F)(C(F)(F)F)(C(F)(F)F)F,6mPFOS,5.853418350219727,2.4985562940449952
C(C(C(C(C(C(F)(F)S(=O)(=O)O)(F)F)(F)F)(F)F)(F)F)(C(F)(F)F)(C(F)(F)F)F,6mPFOS,5.853418350219727,2.5063100834780805
C(=O)(C(OC(OC(OC(OC(OC(F)(F)F)(F)F)(F)F)(F)F)(F)F)(F)F)O,PFO5DoA,5.108689308166504,2.525941901494516
C(=O)(C(C(C(C(C(C(C(C(F)(F)F)(F)F)(F)F)(F)F)(F)F)(F)F)(F)F)(F)F)O,PFNA,5.445358753204346,2.53755655270359
C(C(C(C(C(F)(F)S(=O)(=O)O)(F)F)(F)F)(F)F)(C(C(C(F)(F)F)(F)F)(F)F)(F)F,PFOS,5.895376205444336,2.5721582714275097
C(C(C(C(F)(F)F)(F)F)(F)F)(C(C(C(F)(F)S(=O)(=O)O)(F)F)(F)F)(F)F,PFHpS,5.7382307052612305,2.5897586249944595
C(=O)(C(C(C(C(C(C(C(C(F)(F)F)(F)F)(F)F)(F)F)(F)F)(F)F)(F)F)(F)F)O,PFNA,5.445358753204346,2.5923309913029655
C(=O)(C(C(C(C(C(C(C(C(F)(F)F)(F)F)(F)F)(F)F)(F)F)(F)F)(F)F)(F)F)O,PFNA,5.445358753204346,2.6256453718707564
C(=O)(C(C(C(C(C(C(C(C(C(F)(F)F)(F)F)(F)F)(F)F)(F)F)(F)F)(F)F)(F)F)(F)F)O,PFDA,5.391226291656494,2.647614354677486
C(=O)(C(C(C(C(C(C(C(C(F)(F)F)(F)F)(F)F)(F)F)(F)F)(F)F)(F)F)(F)F)O,PFNA,5.445358753204346,2.669631798457341
C(C(C(F)(F)F)(C(F)(F)F)F)(C(C(C(F)(F)S(=O)(=O)O)(F)F)(F)F)(C(F)(F)F)F,"4,5dm-PFOS",5.853418350219727,2.6915591295736725
C(=O)(C(C(C(C(C(C(C(F)(F)F)(F)F)(F)F)(F)F)(F)F)(F)F)(F)F)O,PFOA,5.382719993591309,2.6966906390259164
C(=O)(C(C(C(C(C(C(C(F)(F)F)(F)F)(F)F)(F)F)(F)F)(F)F)(F)F)O,PFOA,5.382719993591309,2.709373194744204
C(C(C(F)(F)F)(C(F)(F)F)F)(C(C(C(F)(F)S(=O)(=O)O)(F)F)(F)F)(C(F)(F)F)F,"4,5dm-PFOS",5.853418350219727,2.7158404296336798
C(C(C(C(C(F)(F)S(=O)(=O)O)(F)F)(F)F)(F)F)(C(C(C(F)(F)F)(F)F)(F)F)(F)F,PFOS,5.895376205444336,2.7379512493485896
C(C(C(C(F)(F)F)(F)F)(F)F)(C(C(C(F)(F)S(=O)(=O)O)(F)F)(F)F)(C(F)(F)F)F,4mPFOS,5.8139753341674805,2.7419627332535823
C(C(C(C(C(F)(F)S(=O)(=O)O)(F)F)(F)F)(F)F)(C(C(C(F)(F)F)(F)F)(F)F)(F)F,PFOS,5.895376205444336,2.745955813944014
C(C(C(C(C(F)(F)S(=O)(=O)O)(F)F)(F)F)(F)F)(C(C(C(F)(F)F)(F)F)(F)F)(F)F,PFOS,5.895376205444336,2.747564772018399
C(=O)(C(C(C(C(C(C(C(F)(F)F)(F)F)(F)F)(F)F)(F)F)(F)F)(F)F)O,PFOA,5.382719993591309,2.755362768851429
C(C(C(C(C(F)(F)F)(F)S(=O)(=O)O)(F)F)(F)F)(C(C(C(F)(F)F)(F)F)(F)F)(F)F,1mPFOS,5.8139753341674805,2.805801258763091
C(C(C(F)(F)F)(C(F)(F)F)F)(C(C(C(F)(F)S(=O)(=O)O)(F)F)(F)F)(C(F)(F)F)F,"4,5dm-PFOS",5.853418350219727,2.82824066374181
C(C(C(C(F)(F)F)(F)F)(F)F)(C(C(C(F)(F)S(=O)(=O)O)(F)F)(F)F)(C(F)(F)F)F,4mPFOS,5.8139753341674805,2.8444060090315753
C(C(C(F)(F)F)(C(F)(F)F)F)(C(C(C(F)(F)S(=O)(=O)O)(F)F)(F)F)(C(F)(F)F)F,"4,5dm-PFOS",5.853418350219727,2.844692412219955
C(C(C(C(C(C(F)(F)S(=O)(=O)O)(F)F)(F)F)(F)F)(F)F)(C(F)(F)F)(C(F)(F)F)F,6mPFOS,5.853418350219727,2.862938762122403
C(=O)(C(C(C(C(C(C(C(C(C(F)(F)F)(F)F)(F)F)(F)F)(F)F)(F)F)(F)F)(F)F)(F)F)O,PFDA,5.391226291656494,2.8756025536314413
C(C(C(C(F)(F)S(=O)(=O)O)(F)F)(F)F)(C(C(F)(F)F)(F)F)(F)F,PFHxS,5.732048511505127,2.8859356097615665
C(=O)(C(C(C(C(C(C(C(C(C(F)(F)F)(F)F)(F)F)(F)F)(F)F)(F)F)(F)F)(F)F)(F)F)O,PFDA,5.391226291656494,2.921180410897863
C(C(F)(F)F)(OC(C(C(F)(F)F)(OC(C(F)(F)S(=O)(=O)O)(F)F)F)(F)F)F,Nafion-BP2,5.72323751449585,2.926274260122011
C(C(C(C(C(F)(F)F)(F)S(=O)(=O)O)(F)F)(F)F)(C(C(C(F)(F)F)(F)F)(F)F)(F)F,1mPFOS,5.8139753341674805,2.93301610329907
C(C(C(C(C(C(F)(F)S(=O)(=O)O)(F)F)(F)F)(F)F)(F)F)(C(F)(F)F)(C(F)(F)F)F,6mPFOS,5.853418350219727,2.938856082253835
C(C(C(C(F)(F)F)(F)F)(F)F)(C(C(C(F)(F)S(=O)(=O)O)(F)F)(F)F)(C(F)(F)F)F,4mPFOS,5.8139753341674805,2.94265503520204
C(C(C(F)(F)F)(C(F)(F)F)F)(C(C(C(F)(F)S(=O)(=O)O)(F)F)(F)F)(C(F)(F)F)F,"4,5dm-PFOS",5.853418350219727,2.947865799862797
C(C(C(C(F)(F)F)(F)F)(F)F)(C(C(C(F)(F)S(=O)(=O)O)(F)F)(F)F)(C(F)(F)F)F,4mPFOS,5.8139753341674805,2.952526030644239
C(=O)(C(C(C(C(C(C(C(C(C(F)(F)F)(F)F)(F)F)(F)F)(F)F)(F)F)(F)F)(F)F)(F)F)O,PFDA,5.391226291656494,2.97085114564058
C(=O)(C(C(C(C(C(C(C(C(F)(F)F)(F)F)(F)F)(F)F)(F)F)(F)F)(F)F)(F)F)O,PFNA,5.445358753204346,2.974717192410618
C(C(C(C(C(F)(F)S(=O)(=O)O)(F)F)(F)F)(F)F)(C(C(C(F)(F)F)(F)F)(F)F)(F)F,PFOS,5.895376205444336,2.993480819002605
C(C(C(C(F)(F)F)(F)F)(F)F)(C(C(C(F)(F)S(=O)(=O)O)(F)F)(F)F)(C(F)(F)F)F,4mPFOS,5.8139753341674805,3.0099262973545886
C(C(C(C(F)(F)S(=O)(=O)O)(F)F)(F)F)(C(C(F)(F)F)(F)F)(F)F,PFHxS,5.732048511505127,3.051114916416965
C(=O)(C(C(C(C(C(C(C(C(F)(F)F)(F)F)(F)F)(F)F)(F)F)(F)F)(F)F)(F)F)O,PFNA,5.445358753204346,3.077086707463167
C(C(C(C(C(F)(F)S(=O)(=O)O)(F)F)(F)F)(F)F)(C(C(C(F)(F)F)(F)F)(F)F)(F)F,PFOS,5.895376205444336,3.093977176012877
C(=O)(C(C(C(C(C(C(C(C(C(F)(F)F)(F)F)(F)F)(F)F)(F)F)(F)F)(F)F)(F)F)(F)F)O,PFDA,5.391226291656494,3.099236445454152
C(=O)(C(C(C(C(C(C(C(C(C(F)(F)F)(F)F)(F)F)(F)F)(F)F)(F)F)(F)F)(F)F)(F)F)O,PFDA,5.391226291656494,3.106848426456747
C(C(C(C(C(F)(F)S(=O)(=O)O)(F)F)(F)F)(F)F)(C(C(C(F)(F)F)(F)F)(F)F)(F)F,PFOS,5.895376205444336,3.120484937241904
C(C(C(F)(F)F)(C(F)(F)F)F)(C(C(C(F)(F)S(=O)(=O)O)(F)F)(F)F)(C(F)(F)F)F,"4,5dm-PFOS",5.853418350219727,3.143278001606019
C(=O)(C(C(C(C(C(C(C(C(C(F)(F)F)(F)F)(F)F)(F)F)(F)F)(F)F)(F)F)(F)F)(F)F)O,PFDA,5.391226291656494,3.1558325636132265
C(C(C(C(C(F)(F)S(=O)(=O)O)(F)F)(F)F)(F)F)(C(C(C(F)(F)F)(F)F)(F)F)(F)F,PFOS,5.895376205444336,3.1640317322160962
C(C(C(C(F)(F)F)(F)F)(F)F)(C(C(C(F)(F)S(=O)(=O)O)(F)F)(F)F)(C(F)(F)F)F,4mPFOS,5.8139753341674805,3.171235975193614
C(=O)(C(C(C(C(C(C(C(C(C(F)(F)F)(F)F)(F)F)(F)F)(F)F)(F)F)(F)F)(F)F)(F)F)O,PFDA,5.391226291656494,3.184824953364841
C(C(C(C(C(C(F)(F)S(=O)(=O)O)(F)F)(F)F)(F)F)(F)F)(C(F)(F)F)(C(F)(F)F)F,6mPFOS,5.853418350219727,3.1920015678582376
C(=O)(C(C(C(C(C(C(C(C(F)(F)F)(F)F)(F)F)(F)F)(F)F)(F)F)(F)F)(F)F)O,PFNA,5.445358753204346,3.219893406283994
C(=O)(C(C(C(C(C(C(C(F)(F)F)(F)F)(F)F)(F)F)(F)F)(F)F)(F)F)O,PFOA,5.382719993591309,3.22069544810267
C(C(C(C(F)(F)F)(F)F)(F)F)(C(C(C(F)(F)S(=O)(=O)O)(F)F)(F)F)(F)F,PFHpS,5.7382307052612305,3.260034072246629
C(=O)(C(C(C(C(C(C(C(F)(F)F)(F)F)(F)F)(F)F)(F)F)(F)F)(F)F)O,PFOA,5.382719993591309,3.261142834359535
C(=O)(C(C(C(C(C(C(C(C(C(F)(F)F)(F)F)(F)F)(F)F)(F)F)(F)F)(F)F)(F)F)(F)F)O,PFDA,5.391226291656494,3.2752551211908756
C(C(C(C(F)(F)S(=O)(=O)O)(F)F)(F)F)(C(C(F)(F)F)(F)F)(F)F,PFHxS,5.732048511505127,3.285720141039354
C(=O)(C(C(C(C(C(C(C(C(F)(F)F)(F)F)(F)F)(F)F)(F)F)(F)F)(F)F)(F)F)O,PFNA,5.445358753204346,3.28631135720918
C(=O)(C(C(C(C(C(C(C(C(C(F)(F)F)(F)F)(F)F)(F)F)(F)F)(F)F)(F)F)(F)F)(F)F)O,PFDA,5.391226291656494,3.2960124294089908
C(=O)(C(C(C(C(C(C(C(C(C(F)(F)F)(F)F)(F)F)(F)F)(F)F)(F)F)(F)F)(F)F)(F)F)O,PFDA,5.391226291656494,3.310371195325322
C(=O)(C(C(C(C(C(C(C(C(F)(F)F)(F)F)(F)F)(F)F)(F)F)(F)F)(F)F)(F)F)O,PFNA,5.445358753204346,3.3217149896033558
C(C(C(F)(F)F)(C(F)(F)F)F)(C(C(C(F)(F)S(=O)(=O)O)(F)F)(F)F)(C(F)(F)F)F,"4,5dm-PFOS",5.853418350219727,3.351799254534547
C(C(C(C(C(F)(F)S(=O)(=O)O)(F)F)(F)F)(F)F)(C(C(C(F)(F)F)(F)F)(F)F)(F)F,PFOS,5.895376205444336,3.3772128191214303
C(=O)(C(C(C(C(C(C(C(C(C(F)(F)F)(F)F)(F)F)(F)F)(F)F)(F)F)(F)F)(F)F)(F)F)O,PFDA,5.391226291656494,3.3964121929604585
C(=O)(C(C(C(C(C(C(C(C(C(F)(F)F)(F)F)(F)F)(F)F)(F)F)(F)F)(F)F)(F)F)(F)F)O,PFDA,5.391226291656494,3.4014135775612377
C(C(C(C(C(C(F)(F)S(=O)(=O)O)(F)F)(F)F)(F)F)(F)F)(C(F)(F)F)(C(F)(F)F)F,6mPFOS,5.853418350219727,3.4138652164575687
C(=O)(C(C(C(C(C(C(C(C(F)(F)F)(F)F)(F)F)(F)F)(F)F)(F)F)(F)F)(F)F)O,PFNA,5.445358753204346,3.443982051717875
C(C(C(C(C(C(F)(F)S(=O)(=O)O)(F)F)(F)F)(F)F)(F)F)(C(F)(F)F)(C(F)(F)F)F,6mPFOS,5.853418350219727,3.4556923390232526
C(C(C(C(F)(F)F)(F)F)(F)F)(C(C(C(F)(F)S(=O)(=O)O)(F)F)(F)F)(C(F)(F)F)F,4mPFOS,5.8139753341674805,3.4925003740250737
C(C(C(F)(F)F)(C(F)(F)F)F)(C(C(C(F)(F)S(=O)(=O)O)(F)F)(F)F)(C(F)(F)F)F,"4,5dm-PFOS",5.853418350219727,3.5033399477321607
C(=O)(C(C(C(C(C(C(C(F)(F)F)(F)F)(F)F)(F)F)(F)F)(F)F)(F)F)O,PFOA,5.382719993591309,3.522440854252789
C(C(C(C(F)(F)F)(F)F)(F)F)(C(C(C(F)(F)S(=O)(=O)O)(F)F)(F)F)(C(F)(F)F)F,4mPFOS,5.8139753341674805,3.545573675216382
C(C(C(C(C(F)(F)S(=O)(=O)O)(F)F)(F)F)(F)F)(C(C(C(F)(F)F)(F)F)(F)F)(F)F,PFOS,5.895376205444336,3.5680332342226406
C(C(C(C(C(F)(F)S(=O)(=O)O)(F)F)(F)F)(F)F)(C(C(C(F)(F)F)(F)F)(F)F)(F)F,PFOS,5.895376205444336,3.56954903755584
C(C(C(C(C(C(F)(F)S(=O)(=O)O)(F)F)(F)F)(F)F)(F)F)(C(F)(F)F)(C(F)(F)F)F,6mPFOS,5.853418350219727,3.589235708761679
C(C(C(C(C(F)(F)S(=O)(=O)O)(F)F)(F)F)(F)F)(C(C(C(F)(F)F)(F)F)(F)F)(F)F,PFOS,5.895376205444336,3.5938321441028234
C(C(C(C(F)(F)S(=O)(=O)O)(F)F)(F)F)(C(C(F)(F)F)(F)F)(F)F,PFHxS,5.732048511505127,3.6111866165489483
C(C(C(C(C(F)(F)F)(F)S(=O)(=O)O)(F)F)(F)F)(C(C(C(F)(F)F)(F)F)(F)F)(F)F,1mPFOS,5.8139753341674805,3.620167825074397
C(=O)(C(C(C(C(C(C(C(C(F)(F)F)(F)F)(F)F)(F)F)(F)F)(F)F)(F)F)(F)F)O,PFNA,5.445358753204346,3.644685077973952
C(=O)(C(C(C(C(C(C(C(F)(F)F)(F)F)(F)F)(F)F)(F)F)(F)F)(F)F)O,PFOA,5.382719993591309,3.6903672873919584
C(=O)(C(C(C(C(C(C(C(C(C(F)(F)F)(F)F)(F)F)(F)F)(F)F)(F)F)(F)F)(F)F)(F)F)O,PFDA,5.391226291656494,3.696263079881218
C(C(C(C(C(C(F)(F)S(=O)(=O)O)(F)F)(F)F)(F)F)(F)F)(C(F)(F)F)(C(F)(F)F)F,6mPFOS,5.853418350219727,3.733959949566359
C(C(C(C(F)(F)S(=O)(=O)O)(F)F)(F)F)(C(C(F)(F)F)(F)F)(F)F,PFHxS,5.732048511505127,3.7701712663877176
C(=O)(C(C(C(C(C(C(C(C(F)(F)F)(F)F)(F)F)(F)F)(F)F)(F)F)(F)F)(F)F)O,PFNA,5.445358753204346,3.8589070197904585
C(=O)(C(C(C(C(C(C(C(C(C(F)(F)F)(F)F)(F)F)(F)F)(F)F)(F)F)(F)F)(F)F)(F)F)O,PFDA,5.391226291656494,3.8656742443243197
C(C(C(F)(F)F)(C(F)(F)F)F)(C(C(C(F)(F)S(=O)(=O)O)(F)F)(F)F)(C(F)(F)F)F,"4,5dm-PFOS",5.853418350219727,3.886518677034613
C(=O)(C(C(C(C(C(C(C(C(C(F)(F)F)(F)F)(F)F)(F)F)(F)F)(F)F)(F)F)(F)F)(F)F)O,PFDA,5.391226291656494,3.8981347065939063
C(C(C(C(C(F)(F)S(=O)(=O)O)(F)F)(F)F)(F)F)(C(C(C(F)(F)F)(F)F)(F)F)(F)F,PFOS,5.895376205444336,3.9003590550175598
C(=O)(C(C(C(C(C(C(C(F)(F)F)(F)F)(F)F)(F)F)(F)F)(F)F)(F)F)O,PFOA,5.382719993591309,3.912766844657985
C(C(C(F)(F)F)(C(F)(F)F)F)(C(C(C(F)(F)S(=O)(=O)O)(F)F)(F)F)(C(F)(F)F)F,"4,5dm-PFOS",5.853418350219727,3.936136382783774
C(=O)(C(C(C(C(C(C(C(C(F)(F)F)(F)F)(F)F)(F)F)(F)F)(F)F)(F)F)(F)F)O,PFNA,5.445358753204346,3.936220373759776
C(C(C(C(F)(F)F)(F)F)(F)F)(C(C(C(F)(F)S(=O)(=O)O)(F)F)(F)F)(F)F,PFHpS,5.7382307052612305,3.9527102306648203
C(C(C(C(F)(F)F)(F)F)(F)F)(C(C(C(F)(F)S(=O)(=O)O)(F)F)(F)F)(F)F,PFHpS,5.7382307052612305,3.9569662636246195
C(C(C(C(C(C(F)(F)S(=O)(=O)O)(F)F)(F)F)(F)F)(F)F)(C(F)(F)F)(C(F)(F)F)F,6mPFOS,5.853418350219727,3.9720427348361698
C(=O)(C(C(C(C(C(C(C(C(C(F)(F)F)(F)F)(F)F)(F)F)(F)F)(F)F)(F)F)(F)F)(F)F)O,PFDA,5.391226291656494,3.9753311490052106
C(C(C(C(F)(F)S(=O)(=O)O)(F)F)(F)F)(C(C(F)(F)F)(F)F)(F)F,PFHxS,5.732048511505127,3.9867353762988875
C(=O)(C(C(C(C(C(C(C(C(F)(F)F)(F)F)(F)F)(F)F)(F)F)(F)F)(F)F)(F)F)O,PFNA,5.445358753204346,3.991799045699821
C(C(C(C(F)(F)S(=O)(=O)O)(F)F)(F)F)(C(C(F)(F)F)(F)F)(F)F,PFHxS,5.732048511505127,3.992202963138127
C(C(C(C(C(F)(F)F)(F)S(=O)(=O)O)(F)F)(F)F)(C(C(C(F)(F)F)(F)F)(F)F)(F)F,1mPFOS,5.8139753341674805,4.0065420188919525
C(C(C(C(F)(F)F)(F)F)(F)F)(C(C(C(F)(F)S(=O)(=O)O)(F)F)(F)F)(F)F,PFHpS,5.7382307052612305,4.014021504758728
C(C(C(C(C(F)(F)F)(F)S(=O)(=O)O)(F)F)(F)F)(C(C(C(F)(F)F)(F)F)(F)F)(F)F,1mPFOS,5.8139753341674805,4.0264369777402775
C(=O)(C(C(C(C(C(C(C(C(C(F)(F)F)(F)F)(F)F)(F)F)(F)F)(F)F)(F)F)(F)F)(F)F)O,PFDA,5.391226291656494,4.079711152138805
C(=O)(C(C(C(C(C(C(C(C(C(F)(F)F)(F)F)(F)F)(F)F)(F)F)(F)F)(F)F)(F)F)(F)F)O,PFDA,5.391226291656494,4.109887120230105
C(C(C(C(F)(F)S(=O)(=O)O)(F)F)(F)F)(C(C(F)(F)F)(F)F)(F)F,PFHxS,5.732048511505127,4.126809202758503
C(C(C(C(F)(F)F)(F)F)(F)F)(C(C(C(F)(F)S(=O)(=O)O)(F)F)(F)F)(C(F)(F)F)F,4mPFOS,5.8139753341674805,4.147952938305687
C(=O)(C(C(C(C(C(C(C(C(C(F)(F)F)(F)F)(F)F)(F)F)(F)F)(F)F)(F)F)(F)F)(F)F)O,PFDA,5.391226291656494,4.158105123805817
C(C(F)(F)F)(OC(C(C(F)(F)F)(OC(C(F)(F)S(=O)(=O)O)(F)F)F)(F)F)F,Nafion-BP2,5.72323751449585,4.172146896815096
C(C(C(C(F)(F)S(=O)(=O)O)(F)F)(F)F)(C(C(F)(F)F)(F)F)(F)F,PFHxS,5.732048511505127,4.206645919290242
C(=O)(C(C(C(C(C(C(C(C(F)(F)F)(F)F)(F)F)(F)F)(F)F)(F)F)(F)F)(F)F)O,PFNA,5.445358753204346,4.208915549976853
C(C(C(F)(F)F)(C(F)(F)F)F)(C(C(C(F)(F)S(=O)(=O)O)(F)F)(F)F)(C(F)(F)F)F,"4,5dm-PFOS",5.853418350219727,4.2380273431916
C(C(C(C(F)(F)F)(F)F)(F)F)(C(C(C(F)(F)S(=O)(=O)O)(F)F)(F)F)(C(F)(F)F)F,4mPFOS,5.8139753341674805,4.2522164452001805
C(=O)(C(C(C(C(C(C(C(F)(F)F)(F)F)(F)F)(F)F)(F)F)(F)F)(F)F)O,PFOA,5.382719993591309,4.25629631049177
C(=O)(C(C(C(C(C(C(C(C(F)(F)F)(F)F)(F)F)(F)F)(F)F)(F)F)(F)F)(F)F)O,PFNA,5.445358753204346,4.258646739088078
C(C(C(C(F)(F)F)(F)F)(F)F)(C(C(C(F)(F)S(=O)(=O)O)(F)F)(F)F)(C(F)(F)F)F,4mPFOS,5.8139753341674805,4.274102279020031
C(=O)(C(C(C(C(C(C(C(C(F)(F)F)(F)F)(F)F)(F)F)(F)F)(F)F)(F)F)(F)F)O,PFNA,5.445358753204346,4.274563141223543
C(C(C(C(C(C(F)(F)S(=O)(=O)O)(F)F)(F)F)(F)F)(F)F)(C(F)(F)F)(C(F)(F)F)F,6mPFOS,5.853418350219727,4.2746467341266365
C(=O)(C(C(C(C(C(C(C(C(C(F)(F)F)(F)F)(F)F)(F)F)(F)F)(F)F)(F)F)(F)F)(F)F)O,PFDA,5.391226291656494,4.284668545861364
C(C(C(C(F)(F)F)(F)F)(F)F)(C(C(C(F)(F)S(=O)(=O)O)(F)F)(F)F)(C(F)(F)F)F,4mPFOS,5.8139753341674805,4.295536546891659
C(C(C(C(F)(F)S(=O)(=O)O)(F)F)(F)F)(C(C(F)(F)F)(F)F)(F)F,PFHxS,5.732048511505127,4.370825450677337
C(C(C(F)(F)F)(C(F)(F)F)F)(C(C(C(F)(F)S(=O)(=O)O)(F)F)(F)F)(C(F)(F)F)F,"4,5dm-PFOS",5.853418350219727,4.373602784001247
C(C(C(C(F)(F)S(=O)(=O)O)(F)F)(F)F)(C(C(F)(F)F)(F)F)(F)F,PFHxS,5.732048511505127,4.378910136733163
C(C(C(C(C(F)(F)S(=O)(=O)O)(F)F)(F)F)(F)F)(C(C(C(F)(F)F)(F)F)(F)F)(F)F,PFOS,5.895376205444336,4.379951595186175
C(C(C(F)(F)F)(C(F)(F)F)F)(C(C(C(F)(F)S(=O)(=O)O)(F)F)(F)F)(C(F)(F)F)F,"4,5dm-PFOS",5.853418350219727,4.571878261548672
C(C(C(F)(F)F)(C(F)(F)F)F)(C(C(C(F)(F)S(=O)(=O)O)(F)F)(F)F)(C(F)(F)F)F,"4,5dm-PFOS",5.853418350219727,4.640362290841471
C(=O)(C(C(C(C(C(C(C(C(C(F)(F)F)(F)F)(F)F)(F)F)(F)F)(F)F)(F)F)(F)F)(F)F)O,PFDA,5.391226291656494,4.650479298065195
C(C(C(F)(F)F)(C(F)(F)F)F)(C(C(C(F)(F)S(=O)(=O)O)(F)F)(F)F)(C(F)(F)F)F,"4,5dm-PFOS",5.853418350219727,4.654763382401151
C(C(C(C(F)(F)F)(F)F)(F)F)(C(C(C(F)(F)S(=O)(=O)O)(F)F)(F)F)(F)F,PFHpS,5.7382307052612305,4.656409433447363
C(C(C(C(C(F)(F)S(=O)(=O)O)(F)F)(F)F)(F)F)(C(C(C(F)(F)F)(F)F)(F)F)(F)F,PFOS,5.895376205444336,4.667095722559613
C(=O)(C(C(C(C(C(C(C(C(C(F)(F)F)(F)F)(F)F)(F)F)(F)F)(F)F)(F)F)(F)F)(F)F)O,PFDA,5.391226291656494,4.699207063290839
C(C(C(C(F)(F)S(=O)(=O)O)(F)F)(F)F)(C(C(F)(F)F)(F)F)(F)F,PFHxS,5.732048511505127,4.750173016090834
C(C(C(F)(F)F)(C(F)(F)F)F)(C(C(C(F)(F)S(=O)(=O)O)(F)F)(F)F)(C(F)(F)F)F,"4,5dm-PFOS",5.853418350219727,4.763927790918482
C(C(C(C(F)(F)F)(F)F)(F)F)(C(C(C(F)(F)S(=O)(=O)O)(F)F)(F)F)(F)F,PFHpS,5.7382307052612305,4.814062872869515
C(C(C(F)(F)F)(C(F)(F)F)F)(C(C(C(F)(F)S(=O)(=O)O)(F)F)(F)F)(C(F)(F)F)F,"4,5dm-PFOS",5.853418350219727,4.842664042817623
C(C(C(C(F)(F)F)(F)F)(F)F)(C(C(C(F)(F)S(=O)(=O)O)(F)F)(F)F)(F)F,PFHpS,5.7382307052612305,4.866105722523618
C(C(C(C(C(F)(F)S(=O)(=O)O)(F)F)(F)F)(F)F)(C(C(C(F)(F)F)(F)F)(F)F)(F)F,PFOS,5.895376205444336,4.879008373239481
C(C(C(C(C(F)(F)F)(F)S(=O)(=O)O)(F)F)(F)F)(C(C(C(F)(F)F)(F)F)(F)F)(F)F,1mPFOS,5.8139753341674805,4.929152385212849
C(C(C(F)(F)F)(C(F)(F)F)F)(C(C(C(F)(F)S(=O)(=O)O)(F)F)(F)F)(C(F)(F)F)F,"4,5dm-PFOS",5.853418350219727,4.953204812355226
C(C(C(C(F)(F)F)(F)F)(F)F)(C(C(C(F)(F)S(=O)(=O)O)(F)F)(F)F)(C(F)(F)F)F,4mPFOS,5.8139753341674805,4.96066558784798
C(C(C(C(F)(F)F)(F)F)(F)F)(C(C(C(F)(F)S(=O)(=O)O)(F)F)(F)F)(F)F,PFHpS,5.7382307052612305,4.971473957851781
C(=O)(C(C(C(C(C(C(C(C(C(F)(F)F)(F)F)(F)F)(F)F)(F)F)(F)F)(F)F)(F)F)(F)F)O,PFDA,5.391226291656494,5.022383553273345
C(=O)(C(C(C(C(C(C(C(C(C(F)(F)F)(F)F)(F)F)(F)F)(F)F)(F)F)(F)F)(F)F)(F)F)O,PFDA,5.391226291656494,5.0590266454084425
C(=O)(C(C(C(C(C(C(C(C(F)(F)F)(F)F)(F)F)(F)F)(F)F)(F)F)(F)F)(F)F)O,PFNA,5.445358753204346,5.110515538288264
C(=O)(C(OC(OC(OC(OC(OC(F)(F)F)(F)F)(F)F)(F)F)(F)F)(F)F)O,PFO5DoA,5.108689308166504,5.144879141419286
C(C(C(C(F)(F)F)(F)F)(F)F)(C(C(C(F)(F)S(=O)(=O)O)(F)F)(F)F)(F)F,PFHpS,5.7382307052612305,5.153499519201507
C(=O)(C(C(C(C(C(C(C(C(C(F)(F)F)(F)F)(F)F)(F)F)(F)F)(F)F)(F)F)(F)F)(F)F)O,PFDA,5.391226291656494,5.177741023858045
C(C(C(C(C(C(F)(F)S(=O)(=O)O)(F)F)(F)F)(F)F)(F)F)(C(F)(F)F)(C(F)(F)F)F,6mPFOS,5.853418350219727,5.195062483457082
C(C(C(C(C(F)(F)S(=O)(=O)O)(F)F)(F)F)(F)F)(C(C(C(F)(F)F)(F)F)(F)F)(F)F,PFOS,5.895376205444336,5.2025225334368415
C(=O)(C(C(C(C(C(C(C(C(F)(F)F)(F)F)(F)F)(F)F)(F)F)(F)F)(F)F)(F)F)O,PFNA,5.445358753204346,5.205772219556316
C(C(C(F)(F)F)(C(F)(F)F)F)(C(C(C(F)(F)S(=O)(=O)O)(F)F)(F)F)(C(F)(F)F)F,"4,5dm-PFOS",5.853418350219727,5.270768853548107
C(C(C(C(F)(F)F)(F)F)(F)F)(C(C(C(F)(F)S(=O)(=O)O)(F)F)(F)F)(C(F)(F)F)F,4mPFOS,5.8139753341674805,5.272811792018816
C(C(C(C(C(F)(F)S(=O)(=O)O)(F)F)(F)F)(F)F)(C(C(C(F)(F)F)(F)F)(F)F)(F)F,PFOS,5.895376205444336,5.310482709732835
C(C(C(C(F)(F)F)(F)F)(F)F)(C(C(C(F)(F)S(=O)(=O)O)(F)F)(F)F)(F)F,PFHpS,5.7382307052612305,5.355601952245617
C(C(C(C(F)(F)S(=O)(=O)O)(F)F)(F)F)(C(C(F)(F)F)(F)F)(F)F,PFHxS,5.732048511505127,5.37972447509946
C(C(C(C(C(C(F)(F)S(=O)(=O)O)(F)F)(F)F)(F)F)(F)F)(C(F)(F)F)(C(F)(F)F)F,6mPFOS,5.853418350219727,5.400441689235658
C(C(C(F)(F)F)(C(F)(F)F)F)(C(C(C(F)(F)S(=O)(=O)O)(F)F)(F)F)(C(F)(F)F)F,"4,5dm-PFOS",5.853418350219727,5.401022960479021
C(C(C(C(C(F)(F)S(=O)(=O)O)(F)F)(F)F)(F)F)(C(C(C(F)(F)F)(F)F)(F)F)(F)F,PFOS,5.895376205444336,5.42079665968482
C(C(C(C(F)(F)F)(F)F)(F)F)(C(C(C(F)(F)S(=O)(=O)O)(F)F)(F)F)(C(F)(F)F)F,4mPFOS,5.8139753341674805,5.4511301906445
C(C(C(C(C(F)(F)F)(F)S(=O)(=O)O)(F)F)(F)F)(C(C(C(F)(F)F)(F)F)(F)F)(F)F,1mPFOS,5.8139753341674805,5.486818321400389
C(C(C(C(F)(F)S(=O)(=O)O)(F)F)(F)F)(C(C(F)(F)F)(F)F)(F)F,PFHxS,5.732048511505127,5.493231087783737
C(C(C(C(F)(F)F)(F)F)(F)F)(C(C(C(F)(F)S(=O)(=O)O)(F)F)(F)F)(F)F,PFHpS,5.7382307052612305,5.510837591125379
C(C(C(F)(F)F)(C(F)(F)F)F)(C(C(C(F)(F)S(=O)(=O)O)(F)F)(F)F)(C(F)(F)F)F,"4,5dm-PFOS",5.853418350219727,5.537365307898411
C(C(C(C(C(F)(F)F)(F)S(=O)(=O)O)(F)F)(F)F)(C(C(C(F)(F)F)(F)F)(F)F)(F)F,1mPFOS,5.8139753341674805,5.572824125977897
C(C(C(C(F)(F)F)(F)F)(F)F)(C(C(C(F)(F)S(=O)(=O)O)(F)F)(F)F)(F)F,PFHpS,5.7382307052612305,5.598213856504015
C(C(C(C(F)(F)S(=O)(=O)O)(F)F)(F)F)(C(C(F)(F)F)(F)F)(F)F,PFHxS,5.732048511505127,5.603874424212048
C(=O)(C(OC(OC(OC(OC(OC(F)(F)F)(F)F)(F)F)(F)F)(F)F)(F)F)O,PFO5DoA,5.108689308166504,5.6150715069102475
C(C(C(F)(F)F)(C(F)(F)F)F)(C(C(C(F)(F)S(=O)(=O)O)(F)F)(F)F)(C(F)(F)F)F,"4,5dm-PFOS",5.853418350219727,5.630243223983442
C(C(C(C(F)(F)S(=O)(=O)O)(F)F)(F)F)(C(C(F)(F)F)(F)F)(F)F,PFHxS,5.732048511505127,5.632521040526761
C(=O)(C(C(C(C(C(C(C(C(C(F)(F)F)(F)F)(F)F)(F)F)(F)F)(F)F)(F)F)(F)F)(F)F)O,PFDA,5.391226291656494,5.650361931771345
C(C(C(C(C(C(F)(F)S(=O)(=O)O)(F)F)(F)F)(F)F)(F)F)(C(F)(F)F)(C(F)(F)F)F,6mPFOS,5.853418350219727,5.763524564133175
C(C(C(C(F)(F)F)(F)F)(F)F)(C(C(C(F)(F)S(=O)(=O)O)(F)F)(F)F)(C(F)(F)F)F,4mPFOS,5.8139753341674805,5.778866271123032
C(=O)(C(C(C(C(C(C(C(C(C(F)(F)F)(F)F)(F)F)(F)F)(F)F)(F)F)(F)F)(F)F)(F)F)O,PFDA,5.391226291656494,5.829205294916057
C(C(C(C(F)(F)F)(F)F)(F)F)(C(C(C(F)(F)S(=O)(=O)O)(F)F)(F)F)(F)F,PFHpS,5.7382307052612305,5.859184320989998
C(=O)(C(C(C(C(C(C(C(C(F)(F)F)(F)F)(F)F)(F)F)(F)F)(F)F)(F)F)(F)F)O,PFNA,5.445358753204346,5.918497179458345
C(C(C(C(F)(F)F)(F)F)(F)F)(C(C(C(F)(F)S(=O)(=O)O)(F)F)(F)F)(F)F,PFHpS,5.7382307052612305,6.021410755933488
C(C(C(F)(F)F)(C(F)(F)F)F)(C(C(C(F)(F)S(=O)(=O)O)(F)F)(F)F)(C(F)(F)F)F,"4,5dm-PFOS",5.853418350219727,6.0271664796383355
C(C(C(C(F)(F)F)(F)F)(F)F)(C(C(C(F)(F)S(=O)(=O)O)(F)F)(F)F)(C(F)(F)F)F,4mPFOS,5.8139753341674805,6.032864158680625
C(C(C(C(F)(F)S(=O)(=O)O)(F)F)(F)F)(C(C(F)(F)F)(F)F)(F)F,PFHxS,5.732048511505127,6.046535253139614
C(C(C(C(F)(F)F)(F)F)(F)F)(C(C(C(F)(F)S(=O)(=O)O)(F)F)(F)F)(F)F,PFHpS,5.7382307052612305,6.074585033270156
C(C(C(C(C(C(F)(F)S(=O)(=O)O)(F)F)(F)F)(F)F)(F)F)(C(F)(F)F)(C(F)(F)F)F,6mPFOS,5.853418350219727,6.113174037485606
C(=O)(C(C(C(C(C(C(C(C(F)(F)F)(F)F)(F)F)(F)F)(F)F)(F)F)(F)F)(F)F)O,PFNA,5.445358753204346,6.163132650134632
C(C(C(C(C(F)(F)F)(F)S(=O)(=O)O)(F)F)(F)F)(C(C(C(F)(F)F)(F)F)(F)F)(F)F,1mPFOS,5.8139753341674805,6.18658021871346
C(C(C(C(C(F)(F)S(=O)(=O)O)(F)F)(F)F)(F)F)(C(C(C(F)(F)F)(F)F)(F)F)(F)F,PFOS,5.895376205444336,6.195128404521587
C(C(C(C(F)(F)F)(F)F)(F)F)(C(C(C(F)(F)S(=O)(=O)O)(F)F)(F)F)(F)F,PFHpS,5.7382307052612305,6.520536951107985
C(C(C(C(F)(F)F)(F)F)(F)F)(C(C(C(F)(F)S(=O)(=O)O)(F)F)(F)F)(F)F,PFHpS,5.7382307052612305,6.546999719998812
C(C(C(C(F)(F)S(=O)(=O)O)(F)F)(F)F)(C(C(F)(F)F)(F)F)(F)F,PFHxS,5.732048511505127,6.575476965156733
C(C(C(C(C(C(F)(F)S(=O)(=O)O)(F)F)(F)F)(F)F)(F)F)(C(F)(F)F)(C(F)(F)F)F,6mPFOS,5.853418350219727,6.577549646568548
C(C(C(C(F)(F)F)(F)F)(F)F)(C(C(C(F)(F)S(=O)(=O)O)(F)F)(F)F)(C(F)(F)F)F,4mPFOS,5.8139753341674805,6.669908007782547
C(C(C(C(F)(F)S(=O)(=O)O)(F)F)(F)F)(C(C(F)(F)F)(F)F)(F)F,PFHxS,5.732048511505127,6.710069250436033
C(=O)(C(C(C(C(C(C(C(C(F)(F)F)(F)F)(F)F)(F)F)(F)F)(F)F)(F)F)(F)F)O,PFNA,5.445358753204346,6.764043985574129
C(C(C(F)(F)F)(C(F)(F)F)F)(C(C(C(F)(F)S(=O)(=O)O)(F)F)(F)F)(C(F)(F)F)F,"4,5dm-PFOS",5.853418350219727,6.841914352678686
C(C(C(C(F)(F)F)(F)F)(F)F)(C(C(C(F)(F)S(=O)(=O)O)(F)F)(F)F)(F)F,PFHpS,5.7382307052612305,6.865269098098104
C(C(C(C(F)(F)F)(F)F)(F)F)(C(C(C(F)(F)S(=O)(=O)O)(F)F)(F)F)(C(F)(F)F)F,4mPFOS,5.8139753341674805,6.879550510327868
C(C(C(C(F)(F)F)(F)F)(F)F)(C(C(C(F)(F)S(=O)(=O)O)(F)F)(F)F)(C(F)(F)F)F,4mPFOS,5.8139753341674805,6.9722182745312855
C(C(C(C(C(F)(F)F)(F)S(=O)(=O)O)(F)F)(F)F)(C(C(C(F)(F)F)(F)F)(F)F)(F)F,1mPFOS,5.8139753341674805,7.010587959318743
C(C(C(C(C(F)(F)S(=O)(=O)O)(F)F)(F)F)(F)F)(C(C(C(F)(F)F)(F)F)(F)F)(F)F,PFOS,5.895376205444336,7.05439733954766
C(C(C(C(F)(F)F)(F)F)(F)F)(C(C(C(F)(F)S(=O)(=O)O)(F)F)(F)F)(C(F)(F)F)F,4mPFOS,5.8139753341674805,7.1191897573048015
C(C(C(C(C(F)(F)F)(F)S(=O)(=O)O)(F)F)(F)F)(C(C(C(F)(F)F)(F)F)(F)F)(F)F,1mPFOS,5.8139753341674805,7.136772682857941
C(C(C(C(C(F)(F)S(=O)(=O)O)(F)F)(F)F)(F)F)(C(C(C(F)(F)F)(F)F)(F)F)(F)F,PFOS,5.895376205444336,7.172760591859541
C(C(C(C(C(F)(F)F)(F)S(=O)(=O)O)(F)F)(F)F)(C(C(C(F)(F)F)(F)F)(F)F)(F)F,1mPFOS,5.8139753341674805,7.23117221523732
C(C(C(C(F)(F)S(=O)(=O)O)(F)F)(F)F)(C(C(F)(F)F)(F)F)(F)F,PFHxS,5.732048511505127,7.412329542574114
C(C(C(C(F)(F)F)(F)F)(F)F)(C(C(C(F)(F)S(=O)(=O)O)(F)F)(F)F)(F)F,PFHpS,5.7382307052612305,7.633251648475325
C(C(C(C(C(F)(F)F)(F)S(=O)(=O)O)(F)F)(F)F)(C(C(C(F)(F)F)(F)F)(F)F)(F)F,1mPFOS,5.8139753341674805,7.701041829785067
C(C(C(C(C(F)(F)F)(F)S(=O)(=O)O)(F)F)(F)F)(C(C(C(F)(F)F)(F)F)(F)F)(F)F,1mPFOS,5.8139753341674805,7.865270955900993
C(=O)(C(C(C(C(C(C(C(C(F)(F)F)(F)F)(F)F)(F)F)(F)F)(F)F)(F)F)(F)F)O,PFNA,5.445358753204346,7.907341623259798
C(C(C(C(F)(F)S(=O)(=O)O)(F)F)(F)F)(C(C(F)(F)F)(F)F)(F)F,PFHxS,5.732048511505127,8.053368642804212
C(C(C(C(C(F)(F)F)(F)S(=O)(=O)O)(F)F)(F)F)(C(C(C(F)(F)F)(F)F)(F)F)(F)F,1mPFOS,5.8139753341674805,8.080793958180164
C(C(C(C(F)(F)S(=O)(=O)O)(F)F)(F)F)(C(C(F)(F)F)(F)F)(F)F,PFHxS,5.732048511505127,8.22558055838169
C(C(C(C(C(F)(F)S(=O)(=O)O)(F)F)(F)F)(F)F)(C(C(C(F)(F)F)(F)F)(F)F)(F)F,PFOS,5.895376205444336,8.23376997132243
C(C(C(C(C(F)(F)F)(F)S(=O)(=O)O)(F)F)(F)F)(C(C(C(F)(F)F)(F)F)(F)F)(F)F,1mPFOS,5.8139753341674805,8.49038186153299
C(C(C(C(C(F)(F)F)(F)S(=O)(=O)O)(F)F)(F)F)(C(C(C(F)(F)F)(F)F)(F)F)(F)F,1mPFOS,5.8139753341674805,8.577672561941563
C(C(C(C(C(F)(F)F)(F)S(=O)(=O)O)(F)F)(F)F)(C(C(C(F)(F)F)(F)F)(F)F)(F)F,1mPFOS,5.8139753341674805,8.648696725696164
C(C(C(C(C(F)(F)F)(F)S(=O)(=O)O)(F)F)(F)F)(C(C(C(F)(F)F)(F)F)(F)F)(F)F,1mPFOS,5.8139753341674805,8.655680814135822
C(C(C(F)(F)F)(C(F)(F)F)F)(C(C(C(F)(F)S(=O)(=O)O)(F)F)(F)F)(C(F)(F)F)F,"4,5dm-PFOS",5.853418350219727,8.848576959648941
C(C(C(C(F)(F)S(=O)(=O)O)(F)F)(F)F)(C(C(F)(F)F)(F)F)(F)F,PFHxS,5.732048511505127,8.885894663328969
C(=O)(C(OC(OC(OC(OC(OC(F)(F)F)(F)F)(F)F)(F)F)(F)F)(F)F)O,PFO5DoA,5.108689308166504,9.15827802247035
C(C(C(C(F)(F)S(=O)(=O)O)(F)F)(F)F)(C(C(F)(F)F)(F)F)(F)F,PFHxS,5.732048511505127,9.235970751097609
C(=O)(C(C(C(C(C(C(C(C(F)(F)F)(F)F)(F)F)(F)F)(F)F)(F)F)(F)F)(F)F)O,PFNA,5.445358753204346,9.267294226866982
C(C(C(C(F)(F)F)(F)F)(F)F)(C(C(C(F)(F)S(=O)(=O)O)(F)F)(F)F)(F)F,PFHpS,5.7382307052612305,9.288236989557959
C(=O)(C(OC(OC(OC(OC(OC(F)(F)F)(F)F)(F)F)(F)F)(F)F)(F)F)O,PFO5DoA,5.108689308166504,9.454408455840527
C(=O)(C(C(C(C(C(C(C(C(F)(F)F)(F)F)(F)F)(F)F)(F)F)(F)F)(F)F)(F)F)O,PFNA,5.445358753204346,9.470845115653445
C(C(C(C(F)(F)S(=O)(=O)O)(F)F)(F)F)(C(C(F)(F)F)(F)F)(F)F,PFHxS,5.732048511505127,9.546521636063579
C(C(C(C(F)(F)S(=O)(=O)O)(F)F)(F)F)(C(C(F)(F)F)(F)F)(F)F,PFHxS,5.732048511505127,9.685038054595761
C(C(C(F)(F)F)(C(F)(F)F)F)(C(C(C(F)(F)S(=O)(=O)O)(F)F)(F)F)(C(F)(F)F)F,"4,5dm-PFOS",5.853418350219727,9.841792032746236
C(C(C(C(F)(F)S(=O)(=O)O)(F)F)(F)F)(C(C(F)(F)F)(F)F)(F)F,PFHxS,5.732048511505127,10.043154061853606
C(C(C(F)(F)F)(C(F)(F)F)F)(C(C(C(F)(F)S(=O)(=O)O)(F)F)(F)F)(C(F)(F)F)F,"4,5dm-PFOS",5.853418350219727,10.133400296833985
C(C(C(C(F)(F)F)(F)F)(F)F)(C(C(C(F)(F)S(=O)(=O)O)(F)F)(F)F)(F)F,PFHpS,5.7382307052612305,10.189576365505445
C(C(C(C(C(F)(F)S(=O)(=O)O)(F)F)(F)F)(F)F)(C(C(C(F)(F)F)(F)F)(F)F)(F)F,PFOS,5.895376205444336,10.486263314911103
C(C(C(C(C(F)(F)F)(F)S(=O)(=O)O)(F)F)(F)F)(C(C(C(F)(F)F)(F)F)(F)F)(F)F,1mPFOS,5.8139753341674805,10.704953812221573
C(=O)(C(C(C(C(C(C(C(F)(F)F)(F)F)(F)F)(F)F)(F)F)(F)F)(F)F)O,PFOA,5.382719993591309,10.943391200848238
C(C(C(C(C(F)(F)S(=O)(=O)O)(F)F)(F)F)(F)F)(C(C(C(F)(F)F)(F)F)(F)F)(F)F,PFOS,5.895376205444336,11.040041080832284
C(C(C(C(C(F)(F)F)(F)S(=O)(=O)O)(F)F)(F)F)(C(C(C(F)(F)F)(F)F)(F)F)(F)F,1mPFOS,5.8139753341674805,11.102138848206875
C(C(C(C(F)(F)F)(F)F)(F)F)(C(C(C(F)(F)S(=O)(=O)O)(F)F)(F)F)(F)F,PFHpS,5.7382307052612305,11.23388236108054
C(C(C(C(F)(F)F)(F)F)(F)F)(C(C(C(F)(F)S(=O)(=O)O)(F)F)(F)F)(C(F)(F)F)F,4mPFOS,5.8139753341674805,11.35015135891329
C(C(C(C(F)(F)F)(F)F)(F)F)(C(C(C(F)(F)S(=O)(=O)O)(F)F)(F)F)(C(F)(F)F)F,4mPFOS,5.8139753341674805,11.559901380812889
C(C(C(C(C(F)(F)S(=O)(=O)O)(F)F)(F)F)(F)F)(C(C(C(F)(F)F)(F)F)(F)F)(F)F,PFOS,5.895376205444336,11.709220024099757
C(=O)(C(OC(OC(OC(OC(OC(F)(F)F)(F)F)(F)F)(F)F)(F)F)(F)F)O,PFO5DoA,5.108689308166504,12.376429953419201
C(C(C(C(C(F)(F)F)(F)S(=O)(=O)O)(F)F)(F)F)(C(C(C(F)(F)F)(F)F)(F)F)(F)F,1mPFOS,5.8139753341674805,12.5952190732204
C(C(C(C(C(F)(F)F)(F)S(=O)(=O)O)(F)F)(F)F)(C(C(C(F)(F)F)(F)F)(F)F)(F)F,1mPFOS,5.8139753341674805,12.839024612459577
C(C(C(C(F)(F)S(=O)(=O)O)(F)F)(F)F)(C(C(F)(F)F)(F)F)(F)F,PFHxS,5.732048511505127,13.743687639927241
C(C(C(C(C(F)(F)F)(F)S(=O)(=O)O)(F)F)(F)F)(C(C(C(F)(F)F)(F)F)(F)F)(F)F,1mPFOS,5.8139753341674805,14.799719400293755
C(C(C(C(F)(F)F)(F)F)(F)F)(C(C(C(F)(F)S(=O)(=O)O)(F)F)(F)F)(F)F,PFHpS,5.7382307052612305,15.650516381495333
C(C(C(C(C(F)(F)F)(F)S(=O)(=O)O)(F)F)(F)F)(C(C(C(F)(F)F)(F)F)(F)F)(F)F,1mPFOS,5.8139753341674805,16.42627598777242
C(=O)(C(OC(OC(OC(OC(OC(F)(F)F)(F)F)(F)F)(F)F)(F)F)(F)F)O,PFO5DoA,5.108689308166504,17.449805619376942
C(C(C(C(C(F)(F)F)(F)S(=O)(=O)O)(F)F)(F)F)(C(C(C(F)(F)F)(F)F)(F)F)(F)F,1mPFOS,5.8139753341674805,23.551289852688893
